GCF_000152265.2,333146, 1950, 877.8964102564103, 53, 158.9245283018868,0,0, 1900, 896.5068421052631,1
GCF_000970025.1,1434108, 3792, 873.4715189873418, 71, 257.5774647887324,0,0, 3724, 884.4830827067669,1
GCF_001560115.1,2285, 2338, 834.6561163387511, 74, 120.83783783783784,0,0, 2283, 850.6903197547088,1
GCF_000979455.1,1483599, 3509, 888.3801652892562, 62, 148.48387096774192,0,0, 3450, 900.8759420289855,1
GCF_000364745.1,1241935, 2728, 812.3676686217009, 66, 131.77272727272728,0,0, 2678, 824.167289021658,1
GCF_002078355.1,74969, 1840, 875.8521739130434, 53, 158.9245283018868,0,0, 1790, 895.5491620111732,1
GCF_000970165.1,1434117, 3508, 891.0675598631699, 72, 253.66666666666666,0,0, 3440, 903.3095930232558,1
GCF_001560035.1,2285, 2334, 835.3667523564695, 72, 111.20833333333333,0,0, 2281, 851.0811047786059,1
GCF_000739575.1,1448860, 3870, 857.0387596899225, 65, 148.7076923076923,0,0, 3807, 868.6477541371158,1
GCF_000008265.1,263820, 1616, 888.4251237623762, 53, 161.32075471698113,0,0, 1565, 911.8900958466454,1
GCF_001559975.1,2285, 2398, 830.8069224353628, 73, 114.23287671232876,0,0, 2344, 846.2201365187714,1
GCF_000259215.1,1132509, 3622, 798.8768636112645, 54, 160.05555555555554,0,0, 3571, 807.8148977877345,1
GCF_000008645.1,187420, 1870, 849.7112299465241, 49, 257.8775510204082,0,0, 1823, 864.6302797586396,1
GCF_000430485.1,913025, 2459, 795.7791785278569, 54, 165.37037037037038,0,0, 2407, 809.2226838388035,1
GCF_000969945.1,1434099, 3764, 884.8490967056323, 72, 255.01388888888889,0,0, 3695, 896.3761840324763,1
GCF_001399695.1,507754, 1882, 839.4569606801275, 51, 161.19607843137254,0,0, 1834, 856.886586695747,1
GCF_000328925.1,1027373, 4120, 751.4533980582524, 99, 77.08080808080808,0,0, 4032, 765.8864087301587,1
GCF_000190095.1,911131, 1871, 961.3618385889898, 43, 182.74418604651163,0,0, 1830, 978.5453551912568,1
GCF_000091665.1,243232, 1866, 826.8467309753484, 47, 268.468085106383,0,0, 1821, 840.3130148270182,1
GCF_000337275.1,662476, 4375, 863.4406857142857, 56, 154.125,0,0, 4321, 872.2233279333487,1
GCF_001304615.1,1715806, 2892, 861.1946749654219, 62, 148.48387096774192,0,0, 2833, 875.8446876103071,1
GCF_002177135.1,253108, 3800, 883.603947368421, 60, 156.2,0,0, 3746, 893.805125467165,1
GCF_000711905.1,1122233, 1650, 840.0272727272727, 57, 152.08771929824562,0,0, 1598, 861.805381727159,1
GCF_000337395.1,1227483, 3082, 874.0973393900065, 60, 137.33333333333334,0,0, 3025, 887.7943801652892,1
GCF_000337715.1,1227500, 4038, 862.5099058940069, 60, 104.88333333333334,0,0, 3982, 873.0218483174284,1
GCF_000006805.1,64091, 2717, 844.6867868973133, 55, 158.36363636363637,0,0, 2665, 857.8180112570357,1
GCF_000245235.1,1132504, 2841, 817.2456881379796, 67, 130.92537313432837,0,0, 2790, 828.9250896057348,1
GCF_000022465.1,439386, 2984, 813.4175603217158, 70, 127.37142857142857,0,0, 2931, 824.9696349368816,1
GCF_000337675.1,1227497, 4374, 853.6083676268861, 56, 111.375,0,0, 4320, 862.8263888888889,1
GCF_001316065.1,1198449, 1897, 738.218766473379, 58, 155.4655172413793,0,0, 1849, 752.3061114115739,1
GCF_000769655.1,1505907, 2297, 848.1562908141053, 52, 169.92307692307693,0,0, 2246, 863.4679430097951,1
GCF_000980175.1,2209, 3524, 880.7937003405222, 63, 146.31746031746033,0,0, 3464, 893.3605658198614,1
GCF_000337175.1,1230459, 4059, 823.2086720867209, 65, 104.75384615384615,0,0, 3997, 834.2454340755567,1
GCF_000979575.1,2209, 3481, 880.5558747486355, 61, 150.672131147541,0,0, 3422, 893.0338983050848,1
GCF_000499765.1,1379702, 2048, 832.7255859375, 54, 240.03703703703704,0,0, 1996, 847.8677354709419,1
GCF_001006085.1,675631, 1314, 826.9916286149163, 60, 116.56666666666666,0,0, 1268, 851.1947949526814,1
GCF_000621965.1,1410664, 1736, 896.0408986175115, 44, 130.27272727272728,0,0, 1694, 914.8010625737899,1
GCF_001729375.1,1860098, 3653, 845.543662742951, 52, 134.19230769230768,0,0, 3604, 855.0754716981132,1
GCF_000190055.1,911129, 1900, 951.3615789473685, 40, 192.55,0,0, 1861, 967.1407845244493,1
GCF_000979665.1,2209, 3540, 880.288418079096, 65, 145.01538461538462,0,0, 3478, 893.242380678551,1
GCF_000337475.1,1230457, 3582, 820.8922389726409, 74, 123.37837837837837,0,0, 3512, 834.5928246013667,1
GCF_000970325.1,1434104, 2341, 890.0328919265271, 70, 262.3142857142857,0,0, 2275, 907.727032967033,1
GCF_000979765.1,2209, 3535, 888.1089108910891, 64, 146.078125,0,0, 3474, 900.9838802533103,1
GCF_000979105.1,2209, 3484, 884.6977611940298, 62, 146.01612903225808,0,0, 3425, 897.2659854014598,1
GCF_000336675.1,1132509, 3454, 847.1493920092646, 53, 164.50943396226415,0,0, 3403, 857.2606523655598,1
GCF_900114585.1,294671, 1833, 888.0556464811784, 39, 193.02564102564102,0,0, 1796, 902.0929844097996,1
GCF_000092465.1,591019, 1651, 845.6305269533616, 71, 120.8169014084507,0,0, 1586, 867.4861286254729,1
GCF_000264495.1,1184251, 1457, 859.840768702814, 66, 142.21212121212122,0,0, 1406, 884.0469416785206,1
GCF_000979025.1,2209, 3448, 884.1470417633411, 64, 147.796875,0,0, 3386, 897.5262847017129,1
GCF_000337495.1,1227488, 4602, 877.984137331595, 64, 183.90625,0,0, 4540, 887.352422907489,1
GCF_000980135.1,2209, 3523, 879.549815498155, 65, 143.7076923076923,0,0, 3462, 892.286828422877,1
GCF_000328685.1,694430, 4242, 865.2840641206977, 71, 323.71830985915494,0,0, 4174, 873.841399137518,1
GCF_000190115.1,911132, 1890, 964.1518518518518, 45, 182.86666666666667,0,0, 1847, 982.08229561451,1
GCF_000350305.1,1054217, 1526, 881.5366972477065, 53, 162.88679245283018,0,0, 1475, 906.12,1
GCF_001719125.1,1891280, 2717, 856.2914979757085, 70, 124.45714285714286,0,0, 2667, 868.9358830146232,1
GCF_001541925.1,1776294, 1685, 723.4474777448071, 54, 155.24074074074073,0,0, 1638, 738.9664224664225,1
GCF_001560635.1,2285, 2327, 838.4572410829394, 71, 104.1830985915493,0,0, 2275, 854.1964835164836,1
GCF_001469955.1,1514971, 3973, 855.5580166121318, 64, 138.203125,0,0, 3912, 866.6134969325153,1
GCF_002156705.1,1902251, 3785, 883.491677675033, 59, 226.88135593220338,0,0, 3729, 893.1517833199249,1
GCF_001017125.1,1550566, 2499, 871.438575430172, 56, 155.85714285714286,0,0, 2446, 886.6917416189698,1
GCF_000016605.1,399549, 2377, 826.7799747580984, 72, 119.79166666666667,0,0, 2327, 840.6798452943705,1
GCF_000166095.1,523846, 1358, 870.6921944035346, 52, 246.01923076923077,0,0, 1309, 893.4377387318564,1
GCF_000015205.1,384616, 2075, 782.6385542168674, 54, 147.64814814814815,0,0, 2033, 794.7388096409247,1
GCF_000306765.2,523841, 3884, 859.8092173017508, 66, 209.28787878787878,0,0, 3821, 870.3462444386287,1
GCF_000190135.1,911133, 1869, 955.7287319422151, 42, 190.4047619047619,0,0, 1828, 972.7702407002188,1
GCF_000340315.1,1028566, 2287, 837.1543506777438, 72, 123.625,0,0, 2234, 852.8536257833482,1
GCF_000969985.1,1434109, 4091, 873.1769738450257, 78, 240.97435897435898,0,0, 4017, 884.5287528005974,1
GCF_001560455.1,2285, 2314, 831.4079515989629, 72, 114.68055555555556,0,0, 2261, 847.0698805838125,1
GCF_000024185.1,634498, 2280, 1004.0710526315789, 66, 208.75757575757575,0,0, 2217, 1026.320703653586,1
GCF_000485535.1,795797, 3775, 830.3480794701986, 54, 160.38888888888889,0,0, 3723, 839.6094547408004,1
GCF_000504565.1,1417673, 3863, 879.0577271550609, 62, 288.80645161290323,0,0, 3804, 887.9542586750789,1
GCF_000189895.1,911121, 1666, 932.4717887154862, 41, 187.09756097560975,0,0, 1627, 950.039950829748,1
GCF_001560195.1,2285, 2396, 828.9248747913189, 72, 114.79166666666667,0,0, 2343, 843.9790866410584,1
GCF_001481635.1,2285, 2339, 833.2543822146216, 72, 123.625,0,0, 2286, 848.5061242344707,1
GCF_000337875.1,547559, 4224, 874.3591382575758, 62, 147.82258064516128,0,0, 4172, 883.0098274209013,1
GCF_000513435.1,1173487, 3113, 740.2177963379377, 58, 222.91379310344828,0,0, 3059, 749.0094802222949,1
GCF_000336695.1,931277, 3069, 846.4916911045943, 49, 174.6530612244898,0,0, 3021, 857.0923535253228,1
GCF_002208625.1,387957, 1662, 909.9524669073405, 46, 263.32608695652175,0,0, 1618, 927.1359703337454,1
GCF_000698785.1,926571, 2882, 744.2720333102012, 59, 141.32203389830508,0,0, 2836, 753.277856135402,1
GCF_001560645.1,2285, 2348, 829.6541737649063, 72, 115.80555555555556,0,0, 2294, 845.4027898866608,1
GCF_000979115.1,2209, 3443, 877.6956142898634, 63, 148.47619047619048,0,0, 3382, 890.7439384979302,1
GCF_001560715.1,2285, 2338, 830.7737382378101, 74, 120.64864864864865,0,0, 2283, 846.7038983793254,1
GCF_000336975.1,1227462, 3577, 868.0844282918647, 59, 147.94915254237287,0,0, 3520, 879.6315340909091,1
GCF_000263735.1,1183377, 1887, 860.9427662957074, 69, 142.85507246376812,0,0, 1819, 887.6904892798241,1
GCF_000723185.1,1407055, 1921, 776.2701717855284, 55, 155.38181818181818,0,0, 1875, 790.6442666666667,1
GCF_000189995.1,911126, 1816, 942.955396475771, 42, 188.23809523809524,0,0, 1775, 960.2619718309859,1
GCF_001950595.1,1906246, 2707, 854.7159216845216, 53, 160.83018867924528,0,0, 2657, 867.5205118554761,1
GCF_000327485.1,593750, 2894, 848.7228749136144, 54, 159.87037037037038,0,0, 2842, 861.1893033075299,1
GCF_001484195.1,227598, 2592, 821.5516975308642, 52, 123.0576923076923,0,0, 2542, 835.1573564122738,1
GCF_000017945.1,453591, 1509, 810.1590457256461, 65, 138.12307692307692,0,0, 1457, 832.6554564172958,1
GCF_000021965.1,521011, 2852, 890.9523141654979, 71, 260.09859154929575,0,0, 2783, 906.3819619116061,1
GCF_001560385.1,2285, 2404, 823.7117304492513, 72, 123.06944444444444,0,0, 2350, 838.7259574468085,1
GCF_900079115.1,2287, 3254, 812.0129071911493, 66, 131.5151515151515,0,0, 3204, 821.8748439450686,1
GCF_001888095.1,523843, 2062, 871.8714839961202, 57, 152.24561403508773,0,0, 2010, 889.981592039801,1
GCF_000025525.1,644281, 1865, 845.5790884718499, 47, 268.5531914893617,0,0, 1820, 859.5142857142857,1
GCF_001560595.1,2285, 2359, 834.6456125476897, 72, 123.15277777777777,0,0, 2305, 850.1913232104122,1
GCF_000979335.1,2209, 3528, 878.3395691609977, 64, 146.234375,0,0, 3467, 891.0657629074127,1
GCF_000007345.1,188937, 4965, 883.7607250755287, 70, 260.0,0,0, 4918, 888.4814965433103,1
GCF_000245255.1,1132505, 2941, 819.6467188031282, 67, 130.92537313432837,0,0, 2890, 830.9643598615917,1
GCF_000337155.1,1227494, 3758, 843.2511974454497, 60, 108.0,0,0, 3701, 854.4717643880033,1
GCF_000337595.1,1230458, 4452, 872.2196765498652, 56, 116.67857142857143,0,0, 4401, 880.8252669847761,1
GCF_000745485.1,408577, 3254, 823.5316533497235, 47, 120.04255319148936,0,0, 3208, 833.5704488778055,1
GCF_000245095.1,1132497, 2889, 819.8487365870543, 65, 133.72307692307692,0,0, 2839, 831.1356111306798,1
GCF_000337655.1,797304, 3748, 826.6574172892209, 56, 156.73214285714286,0,0, 3696, 835.8741883116883,1
GCF_000025285.1,572546, 1858, 785.5129171151776, 56, 156.33928571428572,0,0, 1805, 803.6686980609418,1
GCF_000235565.1,1110509, 2497, 895.2899479375251, 60, 141.76666666666668,0,0, 2447, 910.0089906007356,1
GCF_000237865.1,768065, 2977, 856.9240846489755, 53, 246.28301886792454,0,0, 2925, 867.6687179487179,1
GCF_000336815.1,1227461, 3957, 873.0331058882992, 63, 112.06349206349206,0,0, 3896, 884.8624229979466,1
GCF_000190035.1,911128, 1835, 945.108446866485, 44, 181.0681818181818,0,0, 1793, 962.7412158393754,1
GCF_000337795.1,662478, 3803, 867.1519852747831, 59, 153.16949152542372,0,0, 3747, 877.6626634641046,1
GCF_000336655.1,358396, 4225, 879.0444970414201, 59, 109.32203389830508,0,0, 4171, 888.8626228722129,1
GCF_001639265.1,55758, 2045, 965.8371638141809, 45, 181.84444444444443,0,0, 2002, 982.4435564435564,1
GCF_000299395.1,1229909, 2024, 750.673418972332, 51, 163.58823529411765,0,0, 1978, 763.8392315470172,1
GCF_000217715.1,797210, 4239, 879.1323425336165, 66, 274.72727272727275,0,0, 4178, 887.5808999521302,1
GCF_000734035.1,1344584, 2616, 820.9847094801223, 56, 152.48214285714286,0,0, 2565, 833.9200779727096,1
GCF_000504205.1,1090322, 2970, 931.3750841750842, 65, 275.6307692307692,0,0, 2909, 944.7002406325198,1
GCF_000246985.2,523849, 2453, 826.8719934773746, 52, 170.07692307692307,0,0, 2402, 840.7339716902582,1
GCF_000151085.1,439481, 3186, 886.8336472065286, 122, 147.5983606557377,0,0, 3090, 908.1414239482201,1
GCF_000334895.1,1232219, 3421, 871.2052031569716, 54, 160.6851851851852,0,0, 3371, 881.5004449718184,1
GCF_001484685.1,1674923, 2190, 816.4127853881279, 55, 163.47272727272727,0,0, 2137, 832.4103883949462,1
GCF_000980005.1,2209, 3545, 876.1328631875881, 68, 142.55882352941177,0,0, 3480, 889.6836206896552,1
GCF_000970145.1,1434118, 4740, 889.1483122362869, 68, 265.5147058823529,0,0, 4675, 897.6280213903743,1
GCF_000421805.1,1121945, 3543, 856.5218741179791, 64, 88.359375,0,0, 3482, 869.8477886272258,1
GCF_000007005.1,273057, 3145, 816.2677265500795, 65, 128.8923076923077,0,0, 3096, 826.3762919896641,1
GCF_000144915.1,666510, 1531, 897.1796211626388, 62, 143.69354838709677,0,0, 1480, 921.8885135135135,1
GCF_000204415.1,990316, 3030, 866.2399339933993, 62, 209.1451612903226,0,0, 2977, 877.2438696674504,1
GCF_000970065.1,1434106, 3747, 867.7323191886843, 73, 252.4794520547945,0,0, 3677, 879.1914604296982,1
GCF_000226975.2,358396, 4237, 888.3814019353316, 64, 282.84375,0,0, 4177, 896.7737610725401,1
GCF_000955905.1,1603555, 1860, 798.0983870967742, 53, 156.33962264150944,0,0, 1814, 813.6841234840132,1
GCF_000979595.1,2209, 3566, 887.1612450925406, 63, 147.20634920634922,0,0, 3506, 899.6705647461495,1
GCF_001560205.1,2285, 2332, 837.4142367066895, 70, 116.92857142857143,0,0, 2280, 852.7758771929824,1
GCF_001559965.1,2285, 2325, 836.9015053763441, 72, 111.13888888888889,0,0, 2272, 852.7279929577464,1
GCF_000235685.2,882090, 2089, 883.50598372427, 53, 162.0188679245283,0,0, 2038, 901.3665358194309,1
GCF_001282785.1,1480675, 2880, 877.740625, 57, 229.21052631578948,0,0, 2827, 889.5164485320128,1
GCF_000190155.1,911134, 1776, 953.6993243243244, 38, 162.94736842105263,0,0, 1739, 970.409430707303,1
GCF_000979895.1,2209, 3419, 883.7879496928927, 64, 145.984375,0,0, 3358, 897.0309708159618,1
GCF_000189835.1,911118, 1769, 917.3465234595817, 42, 344.92857142857144,0,0, 1728, 930.7077546296297,1
GCF_000949015.1,1293648, 1834, 861.2181025081788, 54, 156.33333333333334,0,0, 1783, 881.0572069545709,1
GCF_000015825.1,368407, 2511, 858.9255276782159, 57, 154.6140350877193,0,0, 2457, 874.1554741554742,1
GCF_000022385.1,429572, 3021, 810.6295928500497, 65, 133.7076923076923,0,0, 2971, 821.2463816896668,1
GCF_000337295.1,523841, 3885, 857.1055341055342, 63, 149.31746031746033,0,0, 3825, 868.0666666666667,1
GCF_001560275.1,2285, 2334, 835.0552699228792, 73, 120.35616438356165,0,0, 2280, 850.805701754386,1
GCF_000245215.1,1132503, 2931, 816.2985329239167, 67, 130.91044776119404,0,0, 2880, 827.5965277777777,1
GCF_000970225.1,1434114, 3578, 885.1872554499721, 70, 259.9142857142857,0,0, 3511, 896.8692680148106,1
GCF_000148385.1,572478, 2504, 859.011980830671, 62, 131.11290322580646,0,0, 2420, 871.4280991735537,1
GCF_000739555.1,1380430, 3036, 867.6953227931489, 56, 150.80357142857142,0,0, 2985, 879.6100502512563,1
GCF_000172995.2,469382, 3889, 879.2671637953201, 64, 214.328125,0,0, 3828, 889.6418495297805,1
GCF_001560765.1,2285, 2357, 831.8778107764107, 70, 111.5,0,0, 2305, 847.112798264642,1
GCF_900156425.1,553468, 4804, 809.5566194837635, 58, 138.36206896551724,0,0, 4748, 817.3873209772536,1
GCF_000013725.1,259564, 2571, 860.099572150914, 65, 278.4769230769231,0,0, 2509, 874.1016341171782,1
GCF_001560065.1,2285, 2332, 837.228987993139, 72, 119.70833333333333,0,0, 2279, 852.7389205792014,1
GCF_000953115.1,2162, 2434, 855.0714872637634, 57, 230.9298245614035,0,0, 2379, 869.2505254308533,1
GCF_000336635.1,1227453, 4275, 860.0301754385965, 62, 105.96774193548387,0,0, 4217, 870.2437751956367,1
GCF_000336835.1,1227463, 3597, 866.1534612176814, 57, 85.73684210526316,0,0, 3541, 878.4625811917538,1
GCF_000283335.1,1210908, 4463, 866.602285458212, 76, 134.1578947368421,0,0, 4392, 878.2397540983607,1
GCF_000017625.1,456442, 2607, 847.7736862293824, 55, 158.4909090909091,0,0, 2554, 861.9189506656226,1
GCF_000474235.1,1261545, 2739, 834.2979189485213, 56, 155.25,0,0, 2687, 847.1362113881653,1
GCF_900156475.1,308853, 4129, 861.326471300557, 67, 127.01492537313433,0,0, 4067, 872.3031718711582,1
GCF_000723845.1,114529, 3833, 881.9632141925384, 63, 240.15873015873015,0,0, 3771, 892.4433837178467,1
GCF_000223905.1,634497, 3845, 880.5053315994799, 60, 297.2,0,0, 3787, 889.2701346712437,1
GCF_000993805.1,1550241, 1697, 856.4060106069535, 77, 108.64935064935065,0,0, 1648, 876.3088592233009,1
GCF_000979585.1,2209, 3470, 879.1933717579251, 66, 142.63636363636363,0,0, 3408, 892.362382629108,1
GCF_001886955.1,1873524, 2144, 885.6693097014926, 55, 156.76363636363635,0,0, 2093, 903.022933588151,1
GCF_000455345.1,1293048, 3809, 876.2496718298767, 56, 159.94642857142858,0,0, 3756, 886.1927582534611,1
GCF_000979825.1,2209, 3529, 877.3105695664494, 63, 147.0952380952381,0,0, 3469, 889.7849524358605,1
GCF_001482285.1,1526048, 4005, 853.1797752808989, 61, 103.34426229508196,0,0, 3947, 864.0843678743349,1
GCF_900064395.1,2265, 2415, 815.6223602484472, 53, 119.83018867924528,0,0, 2365, 830.1403805496828,1
GCF_000337695.1,1227498, 4520, 828.0183628318584, 65, 130.47692307692307,0,0, 4462, 836.8547736441058,1
GCF_001485555.1,1765056, 4102, 882.483422720624, 60, 298.2,0,0, 4044, 890.7047477744807,1
GCF_001560465.1,2285, 2389, 826.5889493511929, 74, 109.36486486486487,0,0, 2335, 842.0578158458244,1
GCF_002072215.1,1300164, 1988, 923.4522132796781, 46, 185.67391304347825,0,0, 1943, 940.4256304683479,1
GCF_000337535.1,1227491, 4489, 865.5047894854088, 63, 123.03174603174604,0,0, 4430, 875.2647855530474,1
GCF_000980085.1,2209, 3567, 868.2980095318195, 61, 149.36065573770492,0,0, 3509, 880.0256483328584,1
GCF_001560795.1,2285, 2336, 833.8647260273973, 71, 124.21126760563381,0,0, 2283, 849.2128777923784,1
GCF_000979185.1,2209, 3453, 876.3434694468579, 63, 146.31746031746033,0,0, 3393, 889.0946065428824,1
GCF_000970285.1,1434110, 4453, 863.4300471592185, 71, 257.3943661971831,0,0, 4385, 872.6296465222349,1
GCF_000376965.1,523845, 1716, 847.6002331002331, 43, 183.53488372093022,0,0, 1675, 863.5886567164179,1
GCF_000009965.1,69014, 2328, 825.1920103092783, 54, 168.0,0,0, 2275, 840.4153846153846,1
GCF_000513855.1,1150674, 1425, 822.0456140350877, 68, 130.33823529411765,0,0, 1373, 846.4304442825928,1
GCF_001011115.1,1604004, 2239, 859.4600267976775, 52, 164.84615384615384,0,0, 2188, 875.5617001828153,1
GCF_001006045.1,113653, 2058, 809.2706511175899, 53, 161.33962264150944,0,0, 2007, 825.5296462381664,1
GCF_000243455.1,647171, 2027, 790.3566847557968, 45, 182.64444444444445,0,0, 1984, 803.304435483871,1
GCF_000585495.1,195522, 2206, 825.5621033544878, 54, 165.22222222222223,0,0, 2154, 841.3073351903436,1
GCF_000979425.1,1483597, 3528, 885.5668934240363, 62, 149.0483870967742,0,0, 3469, 897.9362928797924,1
GCF_000979295.1,1483602, 3357, 872.2272862675007, 62, 150.82258064516128,0,0, 3297, 885.247194419169,1
GCF_000245135.1,1132499, 2880, 819.0833333333334, 66, 131.56060606060606,0,0, 2830, 830.3727915194346,1
GCF_000755245.1,1264579, 3805, 853.3529566360053, 59, 163.8135593220339,0,0, 3748, 863.7113127001068,1
GCF_900095815.1,145261, 1778, 857.0562429696288, 50, 256.84,0,0, 1730, 873.364161849711,1
GCF_000258515.1,1151117, 1896, 847.0036919831224, 54, 164.8148148148148,0,0, 1844, 866.0130151843817,1
GCF_000011585.1,267377, 1777, 841.5109735509285, 51, 334.6470588235294,0,0, 1728, 855.421875,1
GCF_000092185.1,633148, 1426, 846.5764375876578, 67, 124.85074626865672,0,0, 1368, 869.046052631579,1
GCF_000006175.1,456320, 1741, 893.014933946008, 50, 253.42,0,0, 1693, 910.8021264028353,1
GCF_000337195.1,1227496, 4205, 838.1966706302021, 62, 117.30645161290323,0,0, 4147, 848.1492645285749,1
GCF_002135045.1,1855873, 3203, 856.9291289416173, 62, 82.93548387096774,0,0, 3143, 871.6162901686287,1
GCF_000336795.1,1230452, 3662, 853.4371927908247, 63, 107.5079365079365,0,0, 3601, 865.9838933629547,1
GCF_000493245.1,1172566, 3694, 831.4545208446128, 57, 87.45614035087719,0,0, 3640, 842.3879120879121,1
GCF_002197185.1,2008440, 2018, 854.6858275520317, 52, 171.55769230769232,0,0, 1967, 872.2953736654804,1
GCF_900090055.1,1673428, 1862, 892.6766917293234, 53, 159.58490566037736,0,0, 1812, 912.5778145695364,1
GCF_000979915.1,2209, 3498, 878.4556889651229, 63, 146.31746031746033,0,0, 3438, 891.0767888307155,1
GCF_000970265.1,1434111, 3520, 869.1775568181819, 69, 262.81159420289856,0,0, 3454, 880.5075275043428,1
GCF_000214725.1,868131, 2445, 830.7300613496933, 59, 300.64406779661016,0,0, 2388, 843.0866834170854,1
GCF_000746075.1,386456, 3283, 821.2138288151082, 51, 115.03921568627452,0,0, 3235, 831.531684698609,1
GCF_000966265.1,588319, 2369, 855.7349092444069, 57, 152.26315789473685,0,0, 2314, 872.2800345721694,1
GCF_000827835.1,1592728, 4155, 879.1280385078219, 64, 281.859375,0,0, 4095, 887.5494505494505,1
GCF_000007305.1,186497, 2121, 831.5869872701555, 69, 142.92753623188406,0,0, 2053, 854.3117389186556,1
GCF_000187225.1,797209, 4298, 852.6302931596091, 56, 172.80357142857142,0,0, 4243, 861.3950035352345,1
GCF_000213215.1,933801, 2488, 774.5542604501608, 67, 131.13432835820896,0,0, 2436, 787.3694581280788,1
GCF_000744315.1,1036677, 3474, 895.1301093839954, 71, 257.4788732394366,0,0, 3406, 907.6051086318262,1
GCF_000011185.1,273116, 1629, 854.561080417434, 55, 154.21818181818182,0,0, 1578, 876.7275031685679,1
GCF_900069765.1,2234, 2385, 798.00964360587, 58, 146.4655172413793,0,0, 2335, 811.393147751606,1
GCF_001412615.1,1273541, 2082, 842.1628242074928, 65, 142.4923076923077,0,0, 2028, 859.7909270216962,1
GCF_000979195.1,2209, 3554, 873.9583567810918, 78, 133.14102564102564,0,0, 3480, 889.4962643678161,1
GCF_000022445.1,426118, 2779, 823.8082043900683, 65, 133.4923076923077,0,0, 2729, 835.6280688897032,1
GCF_900079125.1,83986, 2519, 848.3362445414847, 56, 156.05357142857142,0,0, 2466, 862.9647201946472,1
GCF_000275865.1,28892, 2485, 888.4128772635814, 59, 224.32203389830508,0,0, 2428, 903.7899505766063,1
GCF_000969885.1,523844, 2751, 867.9698291530352, 68, 265.54411764705884,0,0, 2686, 882.2140729709605,1
GCF_000980105.1,2209, 3568, 868.3155829596412, 54, 158.03703703703704,0,0, 3517, 878.4526585157805,1
GCF_000816105.1,1432656, 2128, 831.1466165413534, 54, 164.6851851851852,0,0, 2076, 847.6372832369942,1
GCF_000243315.1,671065, 3155, 748.3023771790808, 75, 118.05333333333333,0,0, 3102, 758.1128304319793,1
GCF_001542905.1,1758255, 3240, 885.4956790123457, 61, 218.13114754098362,0,0, 3183, 897.0936223688344,1
GCF_001027005.1,796385, 3764, 866.5584484590861, 75, 246.85333333333332,0,0, 3693, 878.145951800704,1
GCF_000338775.1,1028567, 2331, 838.942084942085, 72, 123.625,0,0, 2278, 854.3797190517998,1
GCF_000336935.1,1227456, 4135, 859.4921402660218, 62, 152.5,0,0, 4082, 868.2635962763351,1
GCF_001560405.1,2285, 2387, 823.8642647674906, 71, 104.19718309859155,0,0, 2335, 838.8736616702355,1
GCF_000026045.1,348780, 2819, 877.9680737850301, 54, 161.24074074074073,0,0, 2768, 890.955563583815,1
GCF_000970045.1,1434100, 3588, 897.6240245261985, 70, 260.22857142857146,0,0, 3521, 909.4975859130928,1
GCF_000363885.1,1069083, 1377, 837.803195352215, 37, 161.78378378378378,0,0, 1342, 855.1423248882265,1
GCF_000979125.1,2209, 3518, 877.1478112563957, 64, 145.9375,0,0, 3457, 889.8952849291293,1
GCF_001729965.1,1561964, 1629, 909.3505217925108, 50, 165.38,0,0, 1581, 931.662239089184,1
GCF_000755225.1,1457250, 3389, 904.1395691944526, 48, 175.79166666666666,0,0, 3341, 914.6037114636337,1
GCF_000978965.1,2209, 3574, 885.6634023503078, 67, 141.73134328358208,0,0, 3511, 898.7892338365139,1
GCF_000196895.1,795797, 3810, 834.40656167979, 56, 155.92857142857142,0,0, 3757, 843.8094224114985,1
GCF_000196655.1,644295, 2396, 876.5517529215359, 63, 210.95238095238096,0,0, 2339, 892.1487815305686,1
GCF_000700025.1,2248, 3358, 829.1783799880882, 53, 160.79245283018867,0,0, 3307, 839.3734502570305,1
GCF_001560685.1,2285, 2302, 833.885751520417, 71, 115.14084507042253,0,0, 2250, 849.3484444444445,1
GCF_000195915.1,273075, 1590, 876.851572327044, 53, 158.54716981132074,0,0, 1540, 899.8311688311688,1
GCF_000025865.1,547558, 2049, 887.2108345534407, 67, 268.86567164179104,0,0, 1986, 906.2185297079557,1
GCF_002201915.1,1937004, 1555, 846.9942122186495, 44, 181.3409090909091,0,0, 1517, 862.8141067897166,1
GCF_001266655.1,43687, 2375, 827.4783157894736, 70, 122.0,0,0, 2326, 841.0902837489252,1
GCF_000632495.1,1160895, 2518, 812.9213661636219, 79, 116.36708860759494,0,0, 2461, 827.8199918732223,1
GCF_000245115.1,1132498, 2956, 813.6119756427605, 66, 133.07575757575756,0,0, 2905, 824.7700516351118,1
GCF_001723155.1,1897478, 5534, 778.6902782797254, 65, 175.92307692307693,0,0, 5472, 785.3980263157895,1
GCF_000337015.1,1230455, 3356, 846.9895709177592, 69, 135.57971014492753,0,0, 3289, 861.384311340833,1
GCF_000979515.1,2209, 3533, 873.887347863006, 65, 144.8,0,0, 3471, 886.7571305099395,1
GCF_001560565.1,2285, 2338, 834.5136869118905, 76, 118.60526315789474,0,0, 2282, 850.8593339176161,1
GCF_000979925.1,2209, 3552, 872.2885698198198, 62, 147.24193548387098,0,0, 3493, 884.3807615230461,1
GCF_002114285.1,1121945, 3565, 853.991584852735, 69, 142.2463768115942,0,0, 3499, 867.2463561017433,1
GCF_001560915.1,1495144, 1866, 944.8579849946409, 58, 226.82758620689654,0,0, 1811, 966.1993373826615,1
GCF_900114025.1,44930, 3766, 831.5801911842804, 58, 155.22413793103448,0,0, 3712, 841.2071659482758,1
GCF_001560315.1,2285, 2343, 827.0277422108408, 72, 114.72222222222223,0,0, 2290, 842.3886462882097,1
GCF_002156965.1,1898749, 1649, 753.6822316555488, 53, 158.66037735849056,0,0, 1602, 770.4325842696629,1
GCF_000427685.1,926690, 3855, 845.2259403372244, 75, 147.48,0,0, 3788, 857.1428194297782,1
GCF_000979555.1,2209, 3523, 876.5764973034346, 61, 149.44262295081967,0,0, 3465, 888.5901875901876,1
GCF_000979415.1,1483596, 3644, 852.5551591657519, 59, 107.0677966101695,0,0, 3587, 864.3261778645108,1
GCF_000328945.1,1027374, 1963, 760.3876719307183, 51, 162.23529411764707,0,0, 1918, 773.8321167883212,1
GCF_000337315.1,309800, 3926, 849.4350483953133, 61, 152.08196721311475,0,0, 3868, 859.7197518097208,1
GCF_000300255.2,1236689, 1649, 902.55245603396, 52, 154.1153846153846,0,0, 1600, 925.138125,1
GCF_000336755.1,1230453, 3917, 872.1503701812612, 65, 146.4,0,0, 3855, 883.6544747081712,1
GCF_001433455.1,55802, 2643, 829.8569807037458, 55, 163.87272727272727,0,0, 2590, 843.323166023166,1
GCF_000711215.1,694440, 1688, 875.2713270142181, 56, 110.0,0,0, 1633, 900.9546846295162,1
GCF_001729455.1,1860156, 1714, 913.1802800466744, 37, 199.9189189189189,0,0, 1678, 928.342073897497,1
GCF_001729385.1,1860099, 1824, 878.4506578947369, 35, 171.77142857142857,0,0, 1790, 891.7575418994413,1
GCF_000979015.1,2209, 3443, 876.8957304676154, 62, 147.5,0,0, 3384, 889.4530141843971,1
GCF_900177455.1,523843, 2136, 879.5290262172284, 60, 219.16666666666666,0,0, 2080, 896.8230769230769,1
GCF_000685395.1,1353246, 2037, 778.7795778105057, 56, 149.625,0,0, 1990, 792.8728643216081,1
GCF_000400975.1,1261545, 2749, 752.9738086576937, 49, 165.6530612244898,0,0, 2704, 762.4508136094674,1
GCF_900109425.1,277988, 2323, 818.1876883340508, 52, 171.6346153846154,0,0, 2272, 832.612235915493,1
GCF_001560085.1,2285, 2330, 837.8785407725322, 72, 114.86111111111111,0,0, 2277, 853.5753184014054,1
GCF_000220645.1,1053692, 1873, 839.2877736252002, 46, 271.17391304347825,0,0, 1828, 853.1028446389497,1
GCF_000337895.1,1227454, 3601, 857.8728131074702, 51, 140.05882352941177,0,0, 3552, 867.6838400900901,1
GCF_002153915.1,1927129, 1545, 837.3941747572816, 53, 150.52830188679246,0,0, 1502, 855.9347536617843,1
GCF_000328665.1,867904, 2632, 897.7895136778116, 62, 215.48387096774192,0,0, 2574, 912.7847707847708,1
GCF_000015225.1,368408, 1926, 854.6266874350987, 68, 114.69117647058823,0,0, 1866, 870.7331189710611,1
GCF_001418715.1,277988, 2328, 809.9432989690722, 50, 172.88,0,0, 2280, 823.1627192982456,1
GCF_001560755.1,2285, 2302, 833.0638575152042, 66, 108.4090909090909,0,0, 2253, 847.8681757656458,1
GCF_001639285.1,47311, 2104, 893.6216730038022, 41, 185.9512195121951,0,0, 2065, 906.7728813559322,1
GCF_001560125.1,2285, 2332, 835.102487135506, 72, 108.5,0,0, 2279, 850.9218955682317,1
GCF_001571385.1,488124, 2662, 875.465063861758, 59, 153.72881355932202,0,0, 2605, 891.1124760076775,1
GCF_900036045.1,86622, 2765, 857.198191681736, 54, 159.87037037037038,0,0, 2714, 870.0703758290347,1
GCF_000306725.1,1094980, 2974, 889.0366509751177, 69, 262.71014492753625,0,0, 2910, 902.2776632302406,1
GCF_000179575.2,647113, 1681, 846.8042831647829, 48, 261.9583333333333,0,0, 1635, 862.8874617737004,1
GCF_001266735.1,43687, 2379, 826.0731399747793, 70, 122.0,0,0, 2330, 839.6321888412017,1
GCF_001485575.1,1765055, 4319, 868.6818708034267, 65, 346.15384615384613,0,0, 4257, 876.0124500822175,1
GCF_001560245.1,2285, 2329, 837.4087591240876, 72, 114.66666666666667,0,0, 2276, 853.1076449912126,1
GCF_000336955.1,1227460, 3675, 873.7627210884353, 66, 139.6818181818182,0,0, 3614, 885.8837852794687,1
GCF_000025685.1,309800, 4023, 863.0131742480736, 61, 221.31147540983608,0,0, 3964, 872.4258324924319,1
GCF_000690595.1,1416969, 3764, 840.759564293305, 59, 231.98305084745763,0,0, 3707, 849.9851632047478,1
GCF_900156445.1,588898, 3746, 870.152429257875, 55, 158.78181818181818,0,0, 3695, 879.739648173207,1
GCF_000980075.1,2209, 3434, 881.5672684915551, 63, 147.0952380952381,0,0, 3374, 894.468583283936,1
GCF_000979095.1,2209, 3439, 883.9991276533876, 65, 145.53846153846155,0,0, 3377, 897.398578620077,1
GCF_000968355.1,2287, 2971, 805.3009087849209, 67, 130.71641791044777,0,0, 2920, 816.2561643835617,1
GCF_001266715.1,43687, 2376, 827.0896464646464, 70, 122.0,0,0, 2327, 840.6875805758488,1
GCF_000784335.1,1202768, 4168, 876.445537428023, 57, 101.50877192982456,0,0, 4116, 886.0692419825073,1
GCF_001462205.1,1708091, 3270, 841.300611620795, 55, 91.65454545454546,0,0, 3217, 853.5517562946845,1
GCF_000447865.2,1071085, 2820, 882.4351063829787, 54, 159.66666666666666,0,0, 2769, 895.5229324665944,1
GCF_001481685.1,940295, 1536, 829.2506510416666, 66, 138.46969696969697,0,0, 1483, 852.4511126095751,1
GCF_001767315.1,1873524, 2053, 879.3565513882123, 52, 164.3846153846154,0,0, 2003, 896.9910134797803,1
GCF_000979385.1,1483600, 3348, 886.510155316607, 66, 145.33333333333334,0,0, 3285, 900.5622526636225,1
GCF_001469875.1,1544719, 3890, 866.8025706940874, 58, 143.5344827586207,0,0, 3834, 877.2749087115284,1
GCF_001953745.1,301967, 3989, 841.2434194033592, 70, 389.51428571428573,0,0, 3921, 848.8694210660545,1
GCF_000328285.1,1243180, 4151, 769.0768489520598, 55, 110.12727272727273,0,0, 4098, 777.5195217179112,1
GCF_001647085.1,1712654, 2151, 805.817759181776, 54, 166.92592592592592,0,0, 2099, 821.4425917103382,1
GCF_000242875.2,859350, 1945, 722.4508997429306, 56, 220.53571428571428,0,0, 1895, 734.9029023746701,1
GCF_000379085.1,1069082, 3601, 857.4570952513191, 59, 254.38983050847457,0,0, 3543, 867.2495060683037,1
GCF_000725425.1,1343739, 2016, 848.8125, 57, 233.08771929824562,0,0, 1961, 865.7929627740948,1
GCF_000337635.1,797303, 4270, 845.0189695550351, 55, 172.6,0,0, 4219, 852.9826973216402,1
GCF_001315885.1,1293039, 2249, 778.377056469542, 39, 194.30769230769232,0,0, 2212, 787.9154611211574,1
GCF_001625445.1,1679489, 4896, 846.5349264705883, 61, 175.86885245901638,0,0, 4839, 854.261210994007,1
GCF_000376445.1,797209, 4319, 853.257698541329, 59, 226.83050847457628,0,0, 4262, 861.5039887376819,1
GCF_000337775.1,662477, 3969, 863.7828168304359, 83, 127.97590361445783,0,0, 3891, 878.3068619892059,1
GCF_001305655.1,1604004, 2288, 859.75, 51, 166.5686274509804,0,0, 2238, 875.1487935656836,1
GCF_000336995.1,1230454, 3021, 887.359814630917, 64, 111.421875,0,0, 2961, 902.853765619723,1
GCF_000015945.1,399550, 1662, 839.1756919374247, 72, 127.95833333333333,0,0, 1598, 859.2653316645807,1
GCF_001577775.1,1609559, 2205, 829.7519274376417, 68, 143.39705882352942,0,0, 2139, 850.7475455820477,1
GCF_001560725.1,2285, 2382, 826.0079764903443, 71, 104.19718309859155,0,0, 2330, 841.0974248927039,1
GCF_000956175.1,1580092, 2145, 753.8811188811189, 52, 160.82692307692307,0,0, 2099, 766.3444497379704,1
GCF_001488575.1,1407499, 3251, 834.690864349431, 51, 169.3921568627451,0,0, 3201, 845.019368947204,1
GCF_000744455.1,1495336, 2545, 798.8664047151277, 51, 164.9607843137255,0,0, 2496, 811.1362179487179,1
GCF_000019605.1,374847, 1706, 861.1957796014068, 55, 168.61818181818182,0,0, 1655, 882.0549848942599,1
GCF_000022405.1,427317, 2879, 814.7572073636679, 66, 131.66666666666666,0,0, 2829, 825.971721456345,1
GCF_001280425.1,1705562, 3953, 876.2026309132305, 58, 183.1551724137931,0,0, 3897, 886.0515781370285,1
GCF_000970205.1,213585, 3551, 896.2968177978034, 72, 253.66666666666666,0,0, 3483, 908.4898076370945,1
GCF_000979675.1,2209, 3541, 875.5936176221406, 63, 147.0952380952381,0,0, 3481, 887.9954036196496,1
GCF_000007065.1,192952, 3507, 897.0718562874251, 70, 259.9142857142857,0,0, 3440, 909.226453488372,1
GCF_000308215.1,1175296, 2645, 877.5024574669187, 57, 152.33333333333334,0,0, 2594, 891.3442559753277,1
GCF_000979855.1,2209, 3508, 879.7594070695553, 61, 149.49180327868854,0,0, 3450, 891.8779710144928,1
GCF_000979495.1,2209, 3641, 855.957978577314, 64, 145.90625,0,0, 3580, 867.9069832402234,1
GCF_000069025.1,478009, 2794, 851.1692913385826, 51, 167.88235294117646,0,0, 2744, 863.5466472303207,1
GCF_000211475.1,342949, 2054, 842.2828627069133, 72, 138.66666666666666,0,0, 1984, 866.9163306451613,1
GCF_000979505.1,2209, 3507, 881.4542343883661, 65, 145.01538461538462,0,0, 3445, 894.5532656023222,1
GCF_001316085.1,1294262, 2695, 763.6794063079777, 66, 132.56060606060606,0,0, 2642, 775.5840272520818,1
GCF_000245195.1,1132502, 2852, 821.6511220196353, 64, 134.640625,0,0, 2803, 832.8487334998216,1
GCF_000215995.1,529709, 1906, 831.3200419727177, 63, 149.9206349206349,0,0, 1845, 853.6303523035231,1
GCF_000336855.1,1227464, 3611, 865.3165328163943, 59, 149.35593220338984,0,0, 3553, 876.9532789192232,1
GCF_000337075.1,1227481, 2976, 880.5799731182796, 64, 121.375,0,0, 2916, 895.9921124828533,1
GCF_000979975.1,1483601, 3308, 890.9359129383313, 65, 144.1076923076923,0,0, 3247, 904.7222051124114,1
GCF_000189975.1,911125, 1933, 924.085359544749, 41, 187.0487804878049,0,0, 1894, 939.0052798310454,1
GCF_000337835.1,662480, 3838, 857.8071912454403, 62, 148.25806451612902,0,0, 3780, 868.4732804232805,1
GCF_000336895.1,1230451, 4148, 857.6468177434908, 79, 116.0253164556962,0,0, 4072, 871.3745088408645,1
GCF_000017165.1,406327, 1754, 863.0359179019384, 52, 410.86538461538464,0,0, 1703, 876.3123899001762,1
GCF_000371805.1,1069083, 1408, 848.0653409090909, 47, 269.78723404255317,0,0, 1363, 866.7116654438738,1
GCF_000513315.1,1401244, 1909, 871.7977998952331, 44, 279.70454545454544,0,0, 1866, 885.273311897106,1
GCF_000970185.1,1434115, 3460, 895.5294797687861, 70, 259.95714285714286,0,0, 3393, 907.8211022693781,1
GCF_000979755.1,2209, 3542, 880.7820440429136, 64, 146.09375,0,0, 3481, 893.5024418270611,1
GCF_000446015.1,1365176, 1881, 835.8006379585327, 66, 121.84848484848484,0,0, 1825, 851.9063013698631,1
GCF_000812185.1,1410606, 1467, 784.7695978186775, 51, 162.7843137254902,0,0, 1421, 804.2392681210415,1
GCF_000189855.1,911119, 1764, 920.9648526077098, 42, 184.42857142857142,0,0, 1724, 937.7749419953597,1
GCF_000979655.1,2209, 3565, 849.235904628331, 61, 148.9016393442623,0,0, 3507, 860.6629597946963,1
GCF_000746205.1,1498500, 2752, 876.4549418604652, 72, 156.43055555555554,0,0, 2684, 894.3695976154993,1
GCF_900176435.1,1122961, 1608, 887.6940298507462, 54, 158.27777777777777,0,0, 1557, 911.213230571612,1
GCF_000970085.1,1434120, 4300, 897.7346511627907, 68, 265.54411764705884,0,0, 4235, 907.2266824085006,1
GCF_000970245.1,1434113, 3569, 890.3037265340431, 71, 257.2535211267606,0,0, 3501, 902.3510425592688,1
GCF_001639295.1,49547, 2012, 922.2350894632207, 40, 191.475,0,0, 1973, 936.566142929549,1
GCF_000013445.1,323259, 3428, 923.7683780630105, 70, 321.12857142857143,0,0, 3361, 935.455519190717,1
GCF_000979175.1,2209, 3546, 874.8121827411168, 63, 148.12698412698413,0,0, 3485, 887.4307030129124,1
GCF_000979255.1,2209, 3527, 879.6047632548908, 63, 147.0952380952381,0,0, 3467, 892.1260455725411,1
GCF_000337455.1,797114, 4463, 894.269325565763, 60, 149.68333333333334,0,0, 4407, 903.5486725663717,1
GCF_000970005.1,1434102, 3511, 843.0902876673313, 71, 256.9718309859155,0,0, 3444, 854.1312427409988,1
GCF_000015765.1,410358, 1876, 860.3544776119403, 63, 282.2063492063492,0,0, 1815, 879.3988980716254,1
GCF_002078205.1,1650660, 1689, 815.7838957963291, 52, 171.8653846153846,0,0, 1656, 826.3725845410628,1
GCF_001190965.1,35746, 3837, 882.2770393536617, 65, 212.58461538461538,0,0, 3774, 893.3155802861685,1
GCF_000022365.1,593117, 2188, 867.9547531992688, 53, 162.39622641509433,0,0, 2137, 884.5980346279831,1
GCF_000731985.1,222984, 3745, 847.8504672897196, 61, 153.13114754098362,0,0, 3688, 858.3850325379609,1
GCF_000025505.1,589924, 2576, 790.5248447204968, 58, 153.24137931034483,0,0, 2521, 804.2019040063467,1
GCF_000223395.1,694429, 1969, 822.8075165058406, 63, 145.74603174603175,0,0, 1916, 840.5407098121085,1
GCF_000784355.1,230356, 2822, 872.6700921332389, 56, 158.44642857142858,0,0, 2768, 886.4613439306358,1
GCF_900095295.1,118062, 2359, 848.8215345485376, 59, 292.23728813559325,0,0, 2302, 862.3036490008689,1
GCF_001560215.1,2285, 2327, 837.6188225182639, 71, 104.1830985915493,0,0, 2275, 853.3389010989011,1
GCF_900110455.1,1202768, 4066, 883.4911460895229, 60, 105.41666666666667,0,0, 4010, 894.209476309227,1
GCF_000189795.1,911116, 1754, 919.7137970353477, 42, 184.45238095238096,0,0, 1714, 936.5921820303383,1
GCF_000337215.1,1227499, 4439, 860.4415408875873, 57, 137.56140350877192,0,0, 4384, 869.4174270072992,1
GCF_001316045.1,523847, 2542, 735.5369787568843, 66, 133.75757575757575,0,0, 2490, 747.2341365461847,1
GCF_000186365.1,765177, 1404, 853.0641025641025, 65, 134.6153846153846,0,0, 1354, 877.8161004431315,1
GCF_000337855.1,469382, 3900, 872.5279487179487, 69, 135.3913043478261,0,0, 3835, 884.8213820078226,1
GCF_900095385.1,118126, 2702, 845.0514433752776, 56, 156.14285714285714,0,0, 2649, 858.602114005285,1
GCF_000022205.1,416348, 3656, 867.9816739606127, 63, 284.3492063492063,0,0, 3595, 877.7123783031989,1
GCF_000253055.1,768679, 2047, 813.57156814851, 66, 126.22727272727273,0,0, 1959, 823.9617151607963,1
GCF_000275605.1,1185654, 2133, 828.1729957805907, 68, 144.22058823529412,0,0, 2066, 850.268151016457,1
GCF_000969905.1,1434123, 3778, 884.157490735839, 72, 254.97222222222223,0,0, 3709, 895.6290105149636,1
GCF_001560835.1,2285, 2329, 829.9338772005152, 71, 104.19718309859155,0,0, 2277, 845.4642072902942,1
GCF_001592435.1,53952, 2078, 837.2011549566892, 54, 165.7037037037037,0,0, 2026, 854.2265547877591,1
GCF_000189955.1,911124, 1903, 934.4913294797688, 42, 188.45238095238096,0,0, 1862, 950.798066595059,1
GCF_000317795.1,1056495, 1558, 876.4743260590501, 62, 142.48387096774192,0,0, 1507, 900.0763105507631,1
GCF_000320505.1,1214066, 1781, 900.3346434587311, 41, 189.70731707317074,0,0, 1741, 916.531303848363,1
GCF_000302455.1,1204725, 2568, 846.7916666666666, 56, 158.57142857142858,0,0, 2514, 861.4021479713604,1
GCF_000217995.1,679901, 2048, 917.4404296875, 63, 279.4920634920635,0,0, 1991, 934.7172275238573,1
GCF_001729395.1,1860157, 1479, 915.4137931034483, 38, 145.05263157894737,0,0, 1443, 934.3589743589744,1
GCF_001560555.1,2285, 2351, 829.3334751169715, 71, 105.19718309859155,0,0, 2298, 845.0478677110531,1
GCF_000404225.1,1295009, 1900, 900.6868421052632, 56, 152.89285714285714,0,0, 1850, 920.3189189189189,1
GCF_001315945.1,1293041, 3288, 697.8786496350365, 54, 163.55555555555554,0,0, 3236, 706.3427070457354,1
GCF_000193375.1,999630, 2174, 813.1053357865685, 51, 153.31372549019608,0,0, 2114, 827.5160832544939,1
GCF_000979045.1,2209, 3532, 888.1727066817667, 65, 144.95384615384614,0,0, 3470, 901.2985590778098,1
GCF_001971705.1,588898, 3746, 871.3611852642819, 58, 230.1206896551724,0,0, 3692, 880.4312026002167,1
GCF_000011105.1,70601, 1922, 844.2481789802289, 72, 138.48611111111111,0,0, 1852, 870.719222462203,1
GCF_000189935.1,911123, 1974, 921.8657548125633, 42, 188.45238095238096,0,0, 1933, 937.305742369374,1
GCF_000241145.1,859192, 2351, 702.3568694172692, 55, 153.6727272727273,0,0, 2304, 712.8997395833334,1
GCF_000979995.1,2209, 3495, 870.9227467811158, 77, 134.88311688311688,0,0, 3421, 886.6971645717626,1
GCF_001560605.1,2285, 2338, 828.4268605645851, 76, 117.64473684210526,0,0, 2282, 844.6524978089395,1
GCF_000978945.1,2209, 3505, 880.5888730385165, 63, 147.0952380952381,0,0, 3445, 893.2072568940494,1
GCF_000336735.1,1227458, 3670, 856.4512261580381, 64, 107.296875,0,0, 3608, 869.2358647450111,1
GCF_000337815.1,662479, 3413, 844.7855259302667, 61, 151.91803278688525,0,0, 3354, 856.8685152057245,1
GCF_000337415.1,1227485, 3297, 860.5050045495906, 58, 153.0344827586207,0,0, 3242, 872.3180135718692,1
GCF_000765475.1,2226, 2474, 874.4789814066289, 66, 145.53030303030303,0,0, 2412, 892.9237147595356,1
GCF_000337255.1,795797, 3752, 828.1449893390192, 56, 156.08928571428572,0,0, 3699, 837.6244931062449,1
GCF_001560165.1,2285, 2334, 833.9627249357327, 71, 104.19718309859155,0,0, 2282, 849.5508326029799,1
GCF_000245175.1,1132501, 2851, 820.0347246580147, 65, 133.69230769230768,0,0, 2801, 831.4637629418065,1
GCF_000980025.1,2209, 3497, 881.0185873605948, 63, 147.0952380952381,0,0, 3437, 893.6738434681408,1
GCF_000195895.1,269797, 4062, 872.2644017725258, 76, 246.35526315789474,0,0, 3994, 882.4033550325488,1
GCF_000979815.1,2209, 3511, 878.7097692964967, 63, 147.0952380952381,0,0, 3451, 891.2735439003187,1
GCF_000824705.1,2173, 1703, 921.9782736347622, 42, 184.35714285714286,0,0, 1663, 939.4311485267589,1
GCF_000190015.1,911127, 1834, 934.6406761177753, 44, 181.0681818181818,0,0, 1792, 952.0379464285714,1
GCF_000018305.1,397948, 2068, 892.6566731141199, 54, 156.24074074074073,0,0, 2023, 908.2273850716757,1
GCF_000214415.1,880724, 1845, 841.8655826558265, 45, 276.6666666666667,0,0, 1802, 855.0022197558269,1
GCF_000191585.1,877455, 2533, 855.4101855507304, 50, 252.76,0,0, 2484, 867.1819645732689,1
GCF_000691865.1,1495314, 2698, 801.1942179392142, 57, 143.12280701754386,0,0, 2643, 814.7540673477109,1
GCF_000145295.1,79929, 1771, 848.4387351778656, 50, 255.08,0,0, 1723, 864.6244921648288,1
GCF_000691505.1,1495067, 3289, 783.1693523867436, 47, 116.29787234042553,0,0, 3243, 792.5831020659883,1
GCF_000011205.1,273063, 2951, 791.4157912572009, 73, 120.16438356164383,0,0, 2900, 802.1562068965517,1
GCF_000018365.1,523850, 2024, 836.1205533596838, 54, 166.77777777777777,0,0, 1972, 853.5542596348885,1
GCF_000979735.1,2209, 3534, 877.6304470854556, 64, 145.9375,0,0, 3473, 890.3276706017851,1
GCF_001593955.1,1008153, 4054, 824.9995066600889, 58, 155.27586206896552,0,0, 3999, 834.0412603150787,1
GCF_002194565.1,1273541, 2093, 844.1700907787864, 62, 148.2741935483871,0,0, 2040, 861.4171568627451,1
GCF_000018485.1,444158, 1881, 826.839447102605, 49, 347.2040816326531,0,0, 1833, 839.1882160392798,1
GCF_000455365.1,1293047, 3724, 869.9669709989258, 55, 162.38181818181818,0,0, 3671, 880.0836284391174,1
GCF_000245155.1,1132500, 2949, 814.8738555442523, 67, 130.98507462686567,0,0, 2898, 826.0748792270531,1
GCF_000011085.1,272569, 4299, 860.0307048150732, 64, 281.890625,0,0, 4238, 868.1252949504483,1
GCF_000337095.1,1227487, 4308, 871.799442896936, 62, 151.67741935483872,0,0, 4250, 881.4411764705883,1
GCF_000230735.2,797303, 4311, 859.1621433542101, 63, 288.8095238095238,0,0, 4255, 866.1506462984723,1
GCF_000979345.1,2209, 3647, 876.1321634219906, 66, 143.63636363636363,0,0, 3584, 888.8604910714286,1
GCF_000337435.1,1227486, 3370, 856.0258160237389, 60, 150.25,0,0, 3312, 868.260265700483,1
GCF_000978935.1,2209, 3499, 880.8873963989712, 63, 147.0952380952381,0,0, 3439, 893.5330037801687,1
GCF_001280455.1,1765655, 3559, 853.9699353751054, 57, 156.19298245614036,0,0, 3505, 864.5437945791726,1
GCF_000020905.1,490899, 1460, 832.9643835616438, 68, 130.4264705882353,0,0, 1408, 857.1420454545455,1
GCF_001639275.1,66851, 2056, 883.6147859922179, 41, 189.5609756097561,0,0, 2017, 896.7917699553793,1
GCF_000404165.1,224719, 1737, 893.4939550949914, 49, 342.46938775510205,0,0, 1690, 908.3414201183432,1
GCF_000189575.1,930943, 2925, 824.2663247863247, 62, 134.01612903225808,0,0, 2692, 844.4186478454681,1
GCF_000710605.1,1455609, 4186, 835.467032967033, 62, 108.79032258064517,0,0, 4128, 845.5181686046511,1
GCF_001462395.1,2309, 1700, 848.7588235294118, 61, 149.7377049180328,0,0, 1648, 869.7888349514564,1
GCF_001663375.1,1650354, 2331, 849.3822393822394, 60, 159.21666666666667,0,0, 2284, 862.5039404553415,1
GCF_001307315.1,699431, 3138, 833.5994263862333, 56, 232.14285714285714,0,0, 3086, 843.3788075178225,1
GCF_900142335.1,797209, 4284, 854.890989729225, 54, 155.44444444444446,0,0, 4231, 863.609075868589,1
GCF_000385565.1,387631, 2267, 814.3740626378474, 63, 142.23809523809524,0,0, 2210, 831.2466063348417,1
GCF_000337355.1,1230456, 3510, 877.9219373219373, 55, 157.2,0,0, 3457, 888.846977147816,1
GCF_000243255.1,937775, 3092, 899.6086675291074, 66, 146.92424242424244,0,0, 3028, 915.3953104359313,1
GCF_001317345.1,1591054, 2005, 839.5596009975062, 49, 174.85714285714286,0,0, 1957, 855.7583035258048,1
GCF_000337115.1,1227489, 3905, 847.5195902688861, 59, 102.0677966101695,0,0, 3849, 858.2559106261367,1
GCF_000151205.2,246969, 2302, 844.4839270199826, 54, 165.16666666666666,0,0, 2250, 859.996,1
GCF_000327505.1,673860, 1549, 879.8308586184635, 65, 131.92307692307693,0,0, 1499, 902.9719813208806,1
GCF_001477655.1,230361, 2318, 973.5073339085418, 47, 266.93617021276594,0,0, 2272, 987.6791373239437,1
GCF_000008665.1,224325, 2482, 819.6700241740532, 55, 155.23636363636365,0,0, 2431, 833.316742081448,1
GCF_000979475.1,1483598, 3512, 887.5384396355353, 64, 146.859375,0,0, 3451, 900.474645030426,1
GCF_000023945.1,519442, 2996, 913.6061415220294, 49, 173.9795918367347,0,0, 2947, 925.9039701391246,1
GCF_000012285.1,330779, 2331, 839.9249249249249, 72, 123.625,0,0, 2278, 855.3854258121158,1
GCF_000231015.2,768672, 1493, 837.6322839919625, 67, 131.01492537313433,0,0, 1442, 860.8904299583911,1
GCF_000022425.1,427318, 2921, 823.7997261211914, 66, 131.6818181818182,0,0, 2871, 835.0073145245559,1
GCF_000024625.1,579137, 1760, 855.1522727272727, 47, 267.9574468085106,0,0, 1715, 870.2081632653061,1
GCF_000230715.2,797304, 3770, 847.1644562334218, 64, 280.703125,0,0, 3710, 855.9840970350405,1
GCF_000204925.1,1006006, 1968, 834.4568089430894, 71, 121.69014084507042,0,0, 1918, 851.5260688216893,1
GCF_000383975.1,1114856, 4705, 880.1475026567481, 60, 153.78333333333333,0,0, 4649, 888.7317702731771,1
GCF_000337915.1,1227484, 3304, 882.2012711864406, 57, 129.47368421052633,0,0, 3251, 894.2227007074746,1
GCF_001548675.1,1609968, 2146, 946.7027027027027, 42, 287.92857142857144,0,0, 2105, 959.3800475059383,1
GCF_000591055.1,268739, 2876, 863.5086926286509, 55, 156.07272727272726,0,0, 2826, 875.6493276716207,1
GCF_900115675.1,699431, 3182, 872.563796354494, 56, 168.64285714285714,0,0, 3130, 883.9884984025559,1
GCF_000304355.2,1201294, 2656, 871.6468373493976, 54, 161.40740740740742,0,0, 2604, 885.678955453149,1
GCF_001748385.1,867917, 2138, 859.0682881197381, 60, 137.86666666666667,0,0, 2091, 874.2405547584888,1
GCF_000337035.1,1227466, 3576, 865.136744966443, 60, 129.4,0,0, 3519, 876.9079283887468,1
GCF_000092305.1,573063, 1504, 831.9155585106383, 48, 264.2291666666667,0,0, 1458, 849.4163237311385,1
GCF_001989615.1,1932360, 3874, 856.5686628807434, 92, 167.8804347826087,0,0, 3791, 871.1659192825113,1
GCF_001729285.1,1860100, 3203, 821.8101779581642, 48, 168.4375,0,0, 3158, 830.9053198226726,1
GCF_000337755.1,662475, 4427, 855.8990286875988, 70, 145.42857142857142,0,0, 4361, 866.4833753726209,1
GCF_001560135.1,2285, 2328, 838.7040378006873, 75, 119.50666666666666,0,0, 2273, 854.8710954685438,1
GCF_000978955.1,2209, 3539, 869.9290760101724, 62, 148.29032258064515,0,0, 3480, 882.0077586206896,1
GCF_001560675.1,2285, 2378, 827.0630782169891, 69, 106.07246376811594,0,0, 2327, 841.8925655350237,1
GCF_000025325.1,543526, 5227, 864.8366175626554, 61, 294.0983606557377,0,0, 5168, 871.2323916408669,1
GCF_000189915.1,911122, 1901, 930.1120462914256, 45, 179.35555555555555,0,0, 1858, 947.2335844994618,1
GCF_001560305.1,2285, 2331, 836.2205062205062, 72, 120.58333333333333,0,0, 2278, 851.6909569798069,1
GCF_000979375.1,2209, 3546, 873.8014664410604, 64, 145.9375,0,0, 3485, 886.3879483500717,1
GCF_000337555.1,29540, 4244, 873.0332233741753, 59, 162.57627118644066,0,0, 4188, 882.3980420248329,1
GCF_001563245.1,294671, 1868, 900.7189507494646, 45, 273.4888888888889,0,0, 1825, 915.132602739726,1
GCF_001571405.1,2200, 2277, 858.4448836187967, 65, 146.6769230769231,0,0, 2215, 878.1020316027088,1
GCF_001458655.1,2162, 2426, 858.9109645507008, 56, 233.76785714285714,0,0, 2372, 872.8967116357504,1
GCF_000296615.1,1194088, 3078, 881.1393762183236, 64, 138.5625,0,0, 3019, 895.3603842331898,1
GCF_000517445.1,582419, 2147, 838.3726129483, 54, 165.57407407407408,0,0, 2095, 854.8696897374701,1
GCF_000979275.1,2209, 3528, 879.7803287981859, 63, 147.0952380952381,0,0, 3468, 892.3010380622837,1
GCF_001560375.1,2285, 2356, 829.6905772495755, 70, 116.7,0,0, 2304, 844.7096354166666,1
GCF_000189555.1,930945, 2775, 815.9535135135135, 67, 130.7910447761194,0,0, 2724, 827.8950073421439,1
GCF_000979035.1,2209, 3568, 879.8744394618834, 64, 146.078125,0,0, 3507, 892.4850299401197,1
GCF_000517625.1,797299, 4023, 861.3912503107134, 62, 216.75806451612902,0,0, 3966, 870.3197175995965,1
GCF_000147875.1,679926, 2853, 883.1538731160182, 58, 227.1206896551724,0,0, 2797, 896.0986771540937,1
GCF_000710615.1,1455608, 3998, 833.0342671335668, 57, 164.19298245614036,0,0, 3942, 842.4743784880771,1
GCF_001889405.1,2177, 2064, 885.8323643410853, 58, 152.8448275862069,0,0, 2010, 905.1547263681592,1
GCF_000968395.1,2287, 2922, 806.4045174537988, 64, 130.875,0,0, 2873, 817.152801949182,1
GCF_000730175.1,1508454, 4050, 864.4518518518519, 37, 206.94594594594594,0,0, 4015, 870.0470734744707,1
GCF_000979635.1,2209, 3562, 888.3548568220101, 64, 146.078125,0,0, 3501, 901.1348186232505,1
GCF_001560485.1,2285, 2309, 833.0983109571243, 69, 106.14492753623189,0,0, 2258, 848.5225863596103,1
GCF_000190315.1,985053, 2450, 852.3579591836734, 61, 135.88524590163934,0,0, 2405, 864.7097713097713,1
GCF_000281695.1,406552, 3768, 846.1592356687898, 65, 278.75384615384615,0,0, 3706, 855.3947652455478,1
GCF_000151225.1,521002, 1705, 917.4639296187684, 42, 187.92857142857142,0,0, 1664, 935.3046875,1
GCF_000337735.1,1230460, 3462, 852.6773541305604, 58, 146.68965517241378,0,0, 3408, 863.6478873239437,1
GCF_000336775.1,1227459, 4003, 874.1561329003248, 64, 106.796875,0,0, 3941, 886.1400659731032,1
GCF_000336715.1,1227457, 4129, 824.0414143860498, 64, 102.0,0,0, 4066, 835.191342843089,1
GCF_000739065.1,1301915, 1698, 854.2703180212014, 47, 269.1489361702128,0,0, 1653, 869.832425892317,1
GCF_001469865.1,1544718, 4150, 785.224578313253, 55, 115.96363636363637,0,0, 4098, 793.6129819424109,1
GCF_000245275.1,1132506, 2887, 816.259092483547, 66, 131.75757575757575,0,0, 2837, 827.4663376806486,1
GCF_000495475.1,1324957, 3502, 892.5117075956596, 53, 162.69811320754718,0,0, 3451, 903.1640104317589,1
GCF_000016525.1,420247, 1793, 939.6285554935862, 45, 274.4,0,0, 1749, 956.1863922241281,1
GCF_000337575.1,1227493, 3890, 900.4676092544987, 61, 109.98360655737704,0,0, 3834, 911.8223787167449,1
GCF_001602375.1,528314, 2476, 865.2451534733441, 57, 158.75438596491227,0,0, 2421, 881.1354812061131,1
GCF_000828575.1,866790, 1810, 869.9182320441989, 49, 258.6326530612245,0,0, 1763, 885.8740782756665,1
GCF_001647155.1,1622207, 4287, 868.3300676463728, 57, 166.87719298245614,0,0, 4233, 877.1327663595558,1
GCF_000980055.1,2209, 3524, 880.322360953462, 65, 143.7076923076923,0,0, 3463, 893.0693040716142,1
GCF_000220175.1,1001994, 1886, 765.1484623541887, 53, 157.32075471698113,0,0, 1840, 779.6125,1
GCF_000023965.1,485914, 3341, 864.5944328045496, 59, 300.20338983050846,0,0, 3284, 874.177831912302,1
GCF_000151105.2,391623, 2256, 847.5132978723404, 54, 165.55555555555554,0,0, 2204, 863.4110707803993,1
GCF_000800805.1,1577791, 1449, 933.9496204278813, 55, 155.27272727272728,0,0, 1398, 961.7846924177396,1
GCF_000012545.1,339860, 1591, 948.3978629792583, 57, 382.7543859649123,0,0, 1536, 968.0852864583334,1
GCF_000337375.1,1227482, 3282, 896.7355271176112, 56, 156.33928571428572,0,0, 3229, 908.7160111489625,1
GCF_000336915.1,1227455, 3490, 856.9510028653295, 58, 158.10344827586206,0,0, 3436, 867.6781140861467,1
GCF_000251105.1,1041930, 2518, 849.2772041302621, 62, 214.17741935483872,0,0, 2461, 863.5054855749695,1
GCF_000009185.1,362976, 2875, 858.7975652173913, 55, 238.8181818181818,0,0, 2822, 870.2069454287739,1
GCF_000789255.1,565033, 2233, 773.3363188535602, 55, 158.01818181818183,0,0, 2180, 788.1096330275229,1
GCF_001481295.1,1769296, 1813, 850.1389961389962, 57, 156.0,0,0, 1759, 871.0881182490051,1
GCF_000024305.1,425944, 3039, 808.9443896018427, 66, 131.66666666666666,0,0, 2989, 819.4613583138173,1
GCF_000979685.1,2209, 3553, 880.2245989304813, 63, 147.0952380952381,0,0, 3493, 892.6633266533066,1
GCF_000970305.1,1434107, 3782, 868.7469592808038, 70, 258.85714285714283,0,0, 3715, 879.5092866756393,1
GCF_000979265.1,2209, 3649, 875.3516031789532, 65, 144.75384615384615,0,0, 3587, 887.831335377753,1
GCF_000739595.1,413816, 3595, 850.6228094575799, 65, 138.23076923076923,0,0, 3533, 862.9456552504953,1
GCF_000215915.2,1033806, 3187, 857.5098839033574, 50, 170.12,0,0, 3139, 867.860783689073,1
GCF_001483125.1,62320, 3255, 758.8058371735791, 57, 232.91228070175438,0,0, 3202, 767.1502186133666,1
GCF_001559985.1,2285, 2334, 836.4717223650385, 74, 121.06756756756756,0,0, 2279, 852.5537516454585,1
GCF_900129775.1,43928, 3169, 877.3187125276112, 54, 165.22222222222223,0,0, 3119, 888.4828470663674,1
GCF_000175555.1,555311, 3011, 777.6599136499502, 66, 131.46969696969697,0,0, 2961, 787.7521107733874,1
GCF_000190075.1,911130, 1860, 963.3844086021505, 40, 188.475,0,0, 1822, 979.2777167947311,1
GCF_000969965.1,1434103, 3707, 844.4038305907742, 72, 254.43055555555554,0,0, 3639, 855.0890354492992,1
GCF_001560815.1,2285, 2356, 834.3255517826825, 71, 104.19718309859155,0,0, 2304, 849.7730034722222,1
GCF_000017225.1,426368, 1857, 847.0086160473883, 51, 335.03921568627453,0,0, 1808, 860.4419247787611,1
GCF_001402935.1,312540, 1824, 859.46875, 51, 162.4313725490196,0,0, 1775, 878.5064788732394,1
GCF_000063445.1,351160, 3164, 851.131163084703, 63, 283.23809523809524,0,0, 3103, 862.0918466000644,1
GCF_001560525.1,2285, 2357, 834.4730589732711, 73, 124.04109589041096,0,0, 2302, 850.3171155516942,1
GCF_000151245.1,483214, 1697, 911.4997053624043, 41, 190.609756097561,0,0, 1657, 928.7652383826191,1
GCF_000194625.1,693661, 2152, 800.7546468401487, 56, 152.73214285714286,0,0, 2101, 816.0466444550215,1
GCF_001560045.1,2285, 2332, 836.1560891938251, 70, 117.08571428571429,0,0, 2280, 851.4842105263158,1
GCF_000022485.1,419942, 3156, 805.9239543726236, 67, 130.86567164179104,0,0, 3105, 816.2338164251207,1
GCF_900109695.1,302484, 3903, 859.0238278247502, 60, 151.81666666666666,0,0, 3845, 869.5966189856957,1
GCF_002135005.1,1855863, 3538, 815.9409270774449, 58, 90.84482758620689,0,0, 3482, 827.5175186674325,1
GCF_001266675.1,43687, 2377, 826.8212031973076, 72, 119.79166666666667,0,0, 2327, 840.7219596046411,1
GCF_001560355.1,2285, 2341, 829.8880820162324, 71, 92.71830985915493,0,0, 2289, 845.692005242464,1
GCF_000337615.1,1227495, 3912, 830.7259713701432, 64, 92.359375,0,0, 3852, 842.0869678089305,1
GCF_001560435.1,2285, 2311, 832.4534833405452, 68, 119.19117647058823,0,0, 2260, 847.5150442477876,1
GCF_001861355.1,1869245, 4352, 887.1284466911765, 61, 138.54098360655738,0,0, 4297, 896.4614847568071,1
GCF_000529525.1,1415626, 2072, 855.317084942085, 42, 186.61904761904762,0,0, 2032, 868.242125984252,1
GCF_000979205.1,2209, 3799, 851.2308502237431, 73, 197.05479452054794,0,0, 3730, 863.0630026809652,1
GCF_000430905.1,1122230, 1776, 848.8952702702703, 56, 157.85714285714286,0,0, 1722, 870.3025551684088,1
GCF_000980155.1,2209, 3433, 880.3486746286047, 63, 147.0952380952381,0,0, 3373, 893.2321375630003,1
GCF_002077075.1,1650659, 2576, 805.9433229813665, 80, 108.4,0,0, 2520, 820.1785714285714,1
GCF_000979935.1,2209, 3492, 869.9115120274914, 71, 138.98591549295776,0,0, 3424, 884.2771612149533,1
GCF_000337335.1,1227468, 3218, 874.4418893722809, 60, 135.35,0,0, 3162, 887.280834914611,1
GCF_000015145.1,415426, 1765, 806.9807365439093, 60, 149.78333333333333,0,0, 1714, 825.5659276546091,1
GCF_000195935.2,272844, 1969, 844.2468257998984, 72, 139.41666666666666,0,0, 1898, 870.5231822971549,1
GCF_000016125.1,402880, 1897, 835.269372693727, 51, 334.6470588235294,0,0, 1848, 848.1114718614718,1
GCF_001559955.1,2285, 2327, 838.3420713364848, 71, 113.5774647887324,0,0, 2275, 853.7854945054945,1
GCF_000747605.1,43687, 2373, 827.1344289928361, 72, 119.79166666666667,0,0, 2323, 841.0658631080499,1
GCF_000336615.1,1227452, 4215, 858.5527876631079, 85, 129.9294117647059,0,0, 4134, 872.6613449443638,1
GCF_000813245.1,697581, 1909, 822.7197485594552, 66, 121.89393939393939,0,0, 1863, 838.430488459474,1
GCF_000337135.1,1227492, 4085, 874.5297429620563, 60, 150.88333333333333,0,0, 4031, 883.9491441329695,1
GCF_000017185.1,419665, 1551, 866.9181173436492, 50, 253.54,0,0, 1503, 886.1157684630739,1
GCF_000685155.1,1392998, 3360, 839.942261904762, 56, 150.91071428571428,0,0, 3311, 849.7580791301722,1
GCF_000979845.1,2209, 3485, 881.8809182209469, 64, 145.9375,0,0, 3424, 894.8355724299065,1
GCF_900106715.1,28442, 3928, 866.2459266802445, 84, 143.26190476190476,0,0, 3848, 881.0932952182952,1
GCF_001402945.1,507754, 1907, 827.3597273203985, 54, 156.33333333333334,0,0, 1856, 845.4881465517242,1
GCF_002025255.1,1853690, 3553, 847.2907402195328, 56, 232.41071428571428,0,0, 3501, 856.1222507854899,1
GCF_000336875.1,1227465, 3583, 872.6731789003628, 54, 161.7962962962963,0,0, 3532, 882.7579275198188,1
GCF_000224475.1,756883, 3643, 862.8012626955806, 56, 235.0,0,0, 3590, 871.8289693593315,1
GCF_000685635.1,523841, 3882, 856.9817104585265, 62, 150.38709677419354,0,0, 3823, 867.7441799633796,1
GCF_000190175.1,911135, 1804, 913.6358093126386, 46, 146.45652173913044,0,0, 1760, 932.5852272727273,1
GCF_000337515.1,1227490, 3163, 871.0436294656971, 50, 170.48,0,0, 3115, 881.7178170144463,1
GCF_000979745.1,2209, 3450, 881.0742028985508, 60, 150.73333333333332,0,0, 3393, 893.1812555260831,1
GCF_000022545.1,604354, 2018, 836.8612487611497, 54, 165.22222222222223,0,0, 1966, 854.40996948118,1
GCF_000762265.1,2162, 2420, 847.0838842975206, 54, 241.03703703703704,0,0, 2367, 860.536966624419,1
GCF_900012635.1,54262, 2191, 836.1884984025559, 55, 165.45454545454547,0,0, 2137, 853.0449227889565,1
GCF_000189815.1,911117, 1769, 920.3934426229508, 41, 188.8780487804878,0,0, 1729, 937.1868131868132,1
GCF_000221185.1,1042877, 2151, 863.18410041841, 52, 171.65384615384616,0,0, 2100, 879.8823809523809,1
GCF_000968435.1,2287, 2967, 806.2295247724975, 67, 130.65671641791045,0,0, 2916, 817.2174211248285,1
GCF_000470655.1,1033806, 3124, 879.3514724711907, 52, 167.73076923076923,0,0, 3073, 891.0868857793687,1
GCF_000023985.1,573064, 1640, 839.359756097561, 47, 269.0,0,0, 1595, 855.071473354232,1
GCF_001485535.1,1765057, 3163, 835.491621877964, 50, 170.66,0,0, 3114, 845.888246628131,1
GCF_000265525.1,163003, 2104, 851.8260456273764, 54, 166.72222222222223,0,0, 2052, 868.9800194931773,1
GCF_000025665.1,439481, 1577, 900.2435003170577, 62, 137.08064516129033,0,0, 1528, 923.125,1
GCF_000024745.1,555311, 2924, 800.5820793433653, 66, 131.65151515151516,0,0, 2874, 811.3743910925539,1
GCF_000337055.1,1227467, 3231, 870.5961002785515, 62, 128.96774193548387,0,0, 3172, 884.2418032786885,1
GCF_000230955.2,751944, 3293, 847.5350744002429, 54, 160.77777777777777,0,0, 3242, 858.1434299814929,1
GCF_000403645.1,1333523, 3058, 906.5029431000654, 54, 160.16666666666666,0,0, 3007, 918.9587628865979,1
GCF_001266695.1,43687, 2376, 827.0896464646464, 70, 122.0,0,0, 2327, 840.6875805758488,1
GCF_001560515.1,2285, 2340, 832.9871794871794, 70, 116.85714285714286,0,0, 2288, 848.1979895104895,1
GCF_000025625.1,547559, 4217, 883.5250177851553, 69, 307.05797101449275,0,0, 4158, 890.9155844155844,1
GCF_000337235.1,1114856, 4741, 871.2391900442944, 58, 109.58620689655173,0,0, 4687, 879.9056966076381,1
GCF_001560285.1,2285, 2331, 835.4937794937795, 71, 104.19718309859155,0,0, 2279, 851.1373409390084,1
