,parentTaxid,taxid,assembler
15,33634,1093141,Newbler
16,33634,1093141,Velvet
24,33634,112090,allpaths
28,33634,1156394,ALLPATHS
61,33634,12968,
92,33634,157072,allpaths
127,33634,296543,
163,33634,403677,
177,33634,44056,JAZZ
207,33634,556484,
274,33634,67593,Arachne
281,33634,695850,Unknown
298,33634,761204,Allpaths
323,33634,944170,Gap
324,33634,944170,IDBA
325,33634,944170,Sspace
15,33634,1093141,Newbler
16,33634,1093141,Velvet
24,33634,112090,allpaths
28,33634,1156394,ALLPATHS
61,33634,12968,
92,33634,157072,allpaths
127,33634,296543,
163,33634,403677,
177,33634,44056,JAZZ
207,33634,556484,
274,33634,67593,Arachne
281,33634,695850,Unknown
298,33634,761204,Allpaths
323,33634,944170,Gap
324,33634,944170,IDBA
325,33634,944170,Sspace
24,4762,112090,allpaths
28,4762,1156394,ALLPATHS
92,4762,157072,allpaths
163,4762,403677,
274,4762,67593,Arachne
281,4762,695850,Unknown
298,4762,761204,Allpaths
163,4783,403677,
274,4783,67593,Arachne
298,4783,761204,Allpaths
274,67593,67593,Arachne
163,403677,403677,
298,761204,761204,Allpaths
24,4764,112090,allpaths
28,4764,1156394,ALLPATHS
92,4764,157072,allpaths
281,4764,695850,Unknown
28,4769,1156394,ALLPATHS
281,4769,695850,Unknown
281,695850,695850,Unknown
28,1156394,1156394,ALLPATHS
24,100860,112090,allpaths
92,100860,157072,allpaths
92,157072,157072,allpaths
24,112090,112090,allpaths
127,2836,296543,
207,2836,556484,
127,296543,296543,
207,556484,556484,
61,12967,12968,
323,12967,944170,Gap
324,12967,944170,IDBA
325,12967,944170,Sspace
61,12968,12968,
323,944170,944170,Gap
324,944170,944170,IDBA
325,944170,944170,Sspace
177,44056,44056,JAZZ
15,1093141,1093141,Newbler
16,1093141,1093141,Velvet
12,554915,1076696,Velvet
43,554915,1257118,Newbler
44,554915,1257118,Velvet
67,554915,13642,
78,554915,1410327,PCAP4
79,554915,1410327,Platanus
112,554915,261658,Newbler
113,554915,261658,STADEN
124,554915,294381,
149,554915,352472,
157,554915,370354,
158,554915,370355,Celera
228,554915,5786,Arachne
67,33083,13642,
78,33083,1410327,PCAP4
79,33083,1410327,Platanus
112,33083,261658,Newbler
113,33083,261658,STADEN
149,33083,352472,
228,33083,5786,Arachne
112,5782,261658,Newbler
113,5782,261658,STADEN
149,5782,352472,
228,5782,5786,Arachne
112,261658,261658,Newbler
113,261658,261658,STADEN
228,5786,5786,Arachne
149,352472,352472,
67,13642,13642,
78,1410327,1410327,PCAP4
79,1410327,1410327,Platanus
12,5758,1076696,Velvet
124,5758,294381,
157,5758,370354,
158,5758,370355,Celera
157,370354,370354,
158,370355,370355,Celera
124,294381,294381,
12,1076696,1076696,Velvet
43,1257118,1257118,Newbler
44,1257118,1257118,Velvet
17,33630,110365,Newbler
19,33630,1120755,GS
20,33630,1120755,PCR
21,33630,1120755,fosmid
22,33630,1120755,manual
23,33630,1120755,mapping
26,33630,1133968,
42,33630,1237626,allpaths
46,33630,126793,
97,33630,208452,
130,33630,312017,Celera
131,33630,31271,
139,33630,333668,
150,33630,352914,
151,33630,353151,
152,33630,353152,
154,33630,36329,
164,33630,412030,
169,33630,423536,
178,33630,441375,
181,33630,44415,
188,33630,484906,
198,33630,508771,Celera
201,33630,51315,
205,33630,54757,allpaths
219,33630,572307,
229,33630,5801,
230,33630,5802,
231,33630,5804,
232,33630,5823,
233,33630,5851,
234,33630,5854,GapFiller
235,33630,5854,PAGIT
236,33630,5854,Velvet
237,33630,5857,allpaths
239,33630,5866,
240,33630,5872,Celera
241,33630,5872,plus
242,33630,5874,
244,33630,5932,Celera
252,33630,647221,GapFiller
253,33630,647221,PAGIT
254,33630,647221,SSPACE
255,33630,647221,Velvet
308,33630,869250,
333,33630,99158,Newbler
17,5794,110365,Newbler
19,5794,1120755,GS
20,5794,1120755,PCR
21,5794,1120755,fosmid
22,5794,1120755,manual
23,5794,1120755,mapping
26,5794,1133968,
42,5794,1237626,allpaths
46,5794,126793,
97,5794,208452,
131,5794,31271,
139,5794,333668,
150,5794,352914,
151,5794,353151,
152,5794,353152,
154,5794,36329,
178,5794,441375,
181,5794,44415,
188,5794,484906,
198,5794,508771,Celera
201,5794,51315,
205,5794,54757,allpaths
219,5794,572307,
229,5794,5801,
230,5794,5802,
231,5794,5804,
232,5794,5823,
233,5794,5851,
234,5794,5854,GapFiller
235,5794,5854,PAGIT
236,5794,5854,Velvet
237,5794,5857,allpaths
239,5794,5866,
240,5794,5872,Celera
241,5794,5872,plus
242,5794,5874,
252,5794,647221,GapFiller
253,5794,647221,PAGIT
254,5794,647221,SSPACE
255,5794,647221,Velvet
308,5794,869250,
333,5794,99158,Newbler
19,422676,1120755,GS
20,422676,1120755,PCR
21,422676,1120755,fosmid
22,422676,1120755,manual
23,422676,1120755,mapping
26,422676,1133968,
42,422676,1237626,allpaths
46,422676,126793,
97,422676,208452,
131,422676,31271,
139,422676,333668,
150,422676,352914,
154,422676,36329,
188,422676,484906,
205,422676,54757,allpaths
232,422676,5823,
233,422676,5851,
234,422676,5854,GapFiller
235,422676,5854,PAGIT
236,422676,5854,Velvet
237,422676,5857,allpaths
239,422676,5866,
240,422676,5872,Celera
241,422676,5872,plus
242,422676,5874,
252,422676,647221,GapFiller
253,422676,647221,PAGIT
254,422676,647221,SSPACE
255,422676,647221,Velvet
308,422676,869250,
26,5863,1133968,
139,5863,333668,
188,5863,484906,
239,5863,5866,
240,5863,5872,Celera
241,5863,5872,plus
242,5863,5874,
308,5863,869250,
26,5864,1133968,
188,5864,484906,
239,5864,5866,
239,5866,5866,
188,484906,484906,
26,1133968,1133968,
139,5873,333668,
240,5873,5872,Celera
241,5873,5872,plus
242,5873,5874,
308,5873,869250,
240,5872,5872,Celera
241,5872,5872,plus
242,5874,5874,
139,333668,333668,
308,869250,869250,
19,5820,1120755,GS
20,5820,1120755,PCR
21,5820,1120755,fosmid
22,5820,1120755,manual
23,5820,1120755,mapping
42,5820,1237626,allpaths
46,5820,126793,
97,5820,208452,
131,5820,31271,
150,5820,352914,
154,5820,36329,
205,5820,54757,allpaths
232,5820,5823,
233,5820,5851,
234,5820,5854,GapFiller
235,5820,5854,PAGIT
236,5820,5854,Velvet
237,5820,5857,allpaths
252,5820,647221,GapFiller
253,5820,647221,PAGIT
254,5820,647221,SSPACE
255,5820,647221,Velvet
131,418101,31271,
150,418101,352914,
205,418101,54757,allpaths
232,418101,5823,
131,31271,31271,
232,5823,5823,
205,54757,54757,allpaths
150,352914,352914,
154,418107,36329,
234,418107,5854,GapFiller
235,418107,5854,PAGIT
236,418107,5854,Velvet
252,418107,647221,GapFiller
253,418107,647221,PAGIT
254,418107,647221,SSPACE
255,418107,647221,Velvet
252,647221,647221,GapFiller
253,647221,647221,PAGIT
254,647221,647221,SSPACE
255,647221,647221,Velvet
234,5854,5854,GapFiller
235,5854,5854,PAGIT
236,5854,5854,Velvet
154,36329,36329,
97,208452,208452,
19,418103,1120755,GS
20,418103,1120755,PCR
21,418103,1120755,fosmid
22,418103,1120755,manual
23,418103,1120755,mapping
42,418103,1237626,allpaths
46,418103,126793,
233,418103,5851,
237,418103,5857,allpaths
237,5857,5857,allpaths
42,1237626,1237626,allpaths
233,5851,5851,
46,126793,126793,
19,1120755,1120755,GS
20,1120755,1120755,PCR
21,1120755,1120755,fosmid
22,1120755,1120755,manual
23,1120755,1120755,mapping
17,1280412,110365,Newbler
151,1280412,353151,
152,1280412,353152,
178,1280412,441375,
181,1280412,44415,
198,1280412,508771,Celera
201,1280412,51315,
219,1280412,572307,
229,1280412,5801,
230,1280412,5802,
231,1280412,5804,
333,1280412,99158,Newbler
151,423054,353151,
152,423054,353152,
178,423054,441375,
181,423054,44415,
198,423054,508771,Celera
201,423054,51315,
219,423054,572307,
229,423054,5801,
230,423054,5802,
231,423054,5804,
333,423054,99158,Newbler
198,5809,508771,Celera
219,5809,572307,
333,5809,99158,Newbler
333,99158,99158,Newbler
198,508771,508771,Celera
219,572307,572307,
181,5800,44415,
201,5800,51315,
229,5800,5801,
230,5800,5802,
231,5800,5804,
201,51315,51315,
229,5801,5801,
230,5802,5802,
231,5804,5804,
181,44415,44415,
151,5806,353151,
152,5806,353152,
178,5806,441375,
178,441375,441375,
151,353151,353151,
152,353152,353152,
17,110365,110365,Newbler
130,6020,312017,Celera
164,6020,412030,
244,6020,5932,Celera
130,31277,312017,Celera
244,31277,5932,Celera
244,5932,5932,Celera
130,312017,312017,Celera
164,412030,412030,
169,423536,423536,
0,4751,1028729,CLCBio
1,4751,1037660,Allpaths-LG
2,4751,1041607,
3,4751,1043004,Allpaths-LG
4,4751,1043005,AllPaths-LG
5,4751,1064592,
6,4751,1069680,ALLPATHS
7,4751,1071378,
8,4751,1071380,
9,4751,1071381,
10,4751,1071382,
11,4751,1072389,Newbler
13,4751,1080349,AllPaths
14,4751,1081104,SOAPdenovo
18,4751,1116229,GS
25,4751,1130832,SOAPdenovo
27,4751,1136231,
29,4751,1168221,ALLPATHS
30,4751,1170230,SOAPdenovo
31,4751,1178016,
32,4751,1182541,allpaths
33,4751,1182542,allpaths
34,4751,1182543,
35,4751,1182544,allpaths
36,4751,1182545,allpaths
37,4751,1186058,GS
38,4751,1213859,SOAPdenovo
39,4751,1220924,allpaths
40,4751,1229662,Newbler
41,4751,1230383,
45,4751,1263415,Newbler
47,4751,1276141,SOAPdenovo
48,4751,1276143,SOAPdenovo
49,4751,1277687,Newbler
50,4751,1279043,allpaths
51,4751,1284197,Newbler
52,4751,1286976,CLC
53,4751,1287680,CLC
54,4751,1287681,CLC
55,4751,1295528,allpaths
56,4751,1295533,allpaths
57,4751,1296096,allpaths
58,4751,1296100,allpaths
59,4751,1296121,allpaths
60,4751,1296122,allpaths
62,4751,1299270,SOAPdenovo
63,4751,1305764,
64,4751,1328760,Allpaths-LG
65,4751,1344418,Allpaths-LG
66,4751,1354746,Ray
68,4751,1365824,SSPACE
69,4751,1365824,Velvet
70,4751,1367422,SPAdes
71,4751,1380566,Allpaths-LG
72,4751,1381753,Newbler
73,4751,1397361,Newbler
74,4751,1408163,Celera
75,4751,1408657,Abyss
76,4751,1408657,Spades
77,4751,1408658,
80,4751,1441469,ALLPATHS-LG
81,4751,1442368,allpaths
82,4751,1442369,allpaths
83,4751,1442370,allpaths
84,4751,1442371,allpaths
85,4751,1445577,Velvet
86,4751,1460663,Allpaths-LG
87,4751,1485682,Geneious
88,4751,1485682,Ray
89,4751,1485682,Velvet
90,4751,149040,Allpaths-LG
91,4751,1509407,Newbler
94,4751,1664694,SPAdes
98,4751,212818,allpaths
99,4751,214684,
100,4751,215243,allpaths
101,4751,222929,
102,4751,227321,
103,4751,229533,
104,4751,235443,
105,4751,236234,CLC
106,4751,237561,
107,4751,237631,Arachne
108,4751,240176,
109,4751,242507,
110,4751,246410,
111,4751,253628,allpaths
114,4751,27334,SOAPdenovo
116,4751,283643,
117,4751,284590,
118,4751,284591,
119,4751,284592,
120,4751,284593,
121,4751,284811,
122,4751,284812,
123,4751,284813,
125,4751,294746,
126,4751,294747,
128,4751,306901,
129,4751,306902,
132,4751,321614,
133,4751,322104,
134,4751,330879,
135,4751,331117,
136,4751,33203,Allpaths-LG
137,4751,332648,
138,4751,332952,
140,4751,334819,
141,4751,336722,JAZZ
142,4751,336963,
143,4751,339724,
144,4751,341663,
145,4751,342668,CLC
146,4751,344612,
148,4751,348802,allpaths
155,4751,367110,Arachne
156,4751,367775,
159,4751,379508,
160,4751,383855,Arachne
161,4751,398673,
162,4751,402676,Arachne
166,4751,413071,phredPhrap
167,4751,418459,
170,4751,425011,
171,4751,425265,
172,4751,426418,
173,4751,426428,
174,4751,431241,
176,4751,436907,
179,4751,441959,
180,4751,441960,
182,4751,452589,phredPhrap
183,4751,45286,
184,4751,460523,Newbler
186,4751,481877,
187,4751,483514,Arachne
189,4751,486041,
190,4751,4909,
191,4751,4950,
192,4751,498019,Newbler
193,4751,498019,SSPACE-STANDARD
194,4751,498257,
195,4751,500485,
196,4751,502779,Pilon
197,4751,502780,Pilon
199,4751,510516,
200,4751,510951,Newbler
202,4751,515849,
203,4751,526221,
204,4751,535722,Arachne
206,4751,554155,
208,4751,559292,
209,4751,559295,
210,4751,559298,Unknown
211,4751,559305,
212,4751,559307,
213,4751,5599,Allpaths-LG
214,4751,561896,
215,4751,563466,CLC
218,4751,569365,allpaths
220,4751,573729,
221,4751,573826,
222,4751,578455,
223,4751,578456,Arachne
224,4751,578457,Arachne
225,4751,578458,Arachne
226,4751,578459,Arachne
227,4751,578460,
238,4751,58627,Newbler
243,4751,590646,Newbler
245,4751,597362,Newbler
246,4751,599839,
247,4751,619300,Newbler
248,4751,644223,
249,4751,644352,Newbler
250,4751,645133,
251,4751,645134,
256,4751,650164,Newbler
257,4751,653667,Newbler
258,4751,655819,Newbler
259,4751,655827,SOAPdenovo
260,4751,655844,Newbler
261,4751,655844,SOAPdenovo
262,4751,655863,
263,4751,656061,
264,4751,658429,Newbler
265,4751,660122,
266,4751,663202,
267,4751,663331,
268,4751,665024,Allpaths-LG
269,4751,665079,
270,4751,665912,Newbler
271,4751,670483,Newbler
272,4751,671144,Newbler
273,4751,671987,Newbler
276,4751,683960,Newbler
277,4751,684364,ARACHNE
278,4751,690307,Newbler
279,4751,692275,Newbler
280,4751,694068,Newbler
282,4751,698492,Newbler
283,4751,717646,Newbler
284,4751,717944,Newbler
285,4751,717982,Newbler
287,4751,721885,
288,4751,732165,Newbler
289,4751,741275,Newbler
290,4751,741705,Newbler
292,4751,747525,Arachne
293,4751,747676,JAZZ
294,4751,756982,gsAssembler
295,4751,759272,Celera
296,4751,759273,HGAP3.0
297,4751,759273,Manual
299,4751,763406,
300,4751,763407,JGI
301,4751,764103,Alpaths-LG
302,4751,77020,
303,4751,771870,
304,4751,796027,
305,4751,84753,allpaths-lg
306,4751,858893,ALLPATHS
307,4751,861557,Abyss
309,4751,869754,Newbler
310,4751,871575,Newbler
311,4751,876142,
312,4751,879819,Allpaths-LG
313,4751,881290,Newbler
315,4751,907965,
316,4751,91928,allpaths
318,4751,930089,AllPaths-LG
319,4751,930090,AllPaths-LG
320,4751,930091,Allpaths-LG
321,4751,931890,
322,4751,936046,
326,4751,948595,Newbler
327,4751,983644,Newbler
328,4751,983966,Allpaths-LG
329,4751,984485,Allpaths-LG
330,4751,984486,Allpaths-LG
331,4751,984487,Allpaths-LG
332,4751,985895,
334,4751,993615,Newbler
0,451864,1028729,CLCBio
1,451864,1037660,Allpaths-LG
2,451864,1041607,
3,451864,1043004,Allpaths-LG
4,451864,1043005,AllPaths-LG
5,451864,1064592,
6,451864,1069680,ALLPATHS
7,451864,1071378,
8,451864,1071380,
9,451864,1071381,
10,451864,1071382,
11,451864,1072389,Newbler
13,451864,1080349,AllPaths
14,451864,1081104,SOAPdenovo
18,451864,1116229,GS
25,451864,1130832,SOAPdenovo
27,451864,1136231,
29,451864,1168221,ALLPATHS
30,451864,1170230,SOAPdenovo
32,451864,1182541,allpaths
33,451864,1182542,allpaths
34,451864,1182543,
35,451864,1182544,allpaths
36,451864,1182545,allpaths
37,451864,1186058,GS
38,451864,1213859,SOAPdenovo
39,451864,1220924,allpaths
40,451864,1229662,Newbler
41,451864,1230383,
45,451864,1263415,Newbler
47,451864,1276141,SOAPdenovo
48,451864,1276143,SOAPdenovo
49,451864,1277687,Newbler
50,451864,1279043,allpaths
51,451864,1284197,Newbler
52,451864,1286976,CLC
53,451864,1287680,CLC
54,451864,1287681,CLC
55,451864,1295528,allpaths
56,451864,1295533,allpaths
57,451864,1296096,allpaths
58,451864,1296100,allpaths
59,451864,1296121,allpaths
60,451864,1296122,allpaths
62,451864,1299270,SOAPdenovo
63,451864,1305764,
64,451864,1328760,Allpaths-LG
65,451864,1344418,Allpaths-LG
68,451864,1365824,SSPACE
69,451864,1365824,Velvet
70,451864,1367422,SPAdes
71,451864,1380566,Allpaths-LG
72,451864,1381753,Newbler
73,451864,1397361,Newbler
74,451864,1408163,Celera
75,451864,1408657,Abyss
76,451864,1408657,Spades
77,451864,1408658,
80,451864,1441469,ALLPATHS-LG
81,451864,1442368,allpaths
82,451864,1442369,allpaths
83,451864,1442370,allpaths
84,451864,1442371,allpaths
85,451864,1445577,Velvet
86,451864,1460663,Allpaths-LG
90,451864,149040,Allpaths-LG
91,451864,1509407,Newbler
94,451864,1664694,SPAdes
98,451864,212818,allpaths
99,451864,214684,
100,451864,215243,allpaths
101,451864,222929,
102,451864,227321,
103,451864,229533,
104,451864,235443,
105,451864,236234,CLC
106,451864,237561,
107,451864,237631,Arachne
108,451864,240176,
109,451864,242507,
110,451864,246410,
111,451864,253628,allpaths
114,451864,27334,SOAPdenovo
116,451864,283643,
117,451864,284590,
118,451864,284591,
119,451864,284592,
120,451864,284593,
121,451864,284811,
122,451864,284812,
125,451864,294746,
126,451864,294747,
128,451864,306901,
129,451864,306902,
132,451864,321614,
133,451864,322104,
134,451864,330879,
135,451864,331117,
136,451864,33203,Allpaths-LG
137,451864,332648,
138,451864,332952,
140,451864,334819,
141,451864,336722,JAZZ
142,451864,336963,
143,451864,339724,
144,451864,341663,
145,451864,342668,CLC
146,451864,344612,
148,451864,348802,allpaths
155,451864,367110,Arachne
156,451864,367775,
159,451864,379508,
160,451864,383855,Arachne
161,451864,398673,
162,451864,402676,Arachne
166,451864,413071,phredPhrap
167,451864,418459,
170,451864,425011,
171,451864,425265,
172,451864,426418,
173,451864,426428,
174,451864,431241,
176,451864,436907,
179,451864,441959,
180,451864,441960,
182,451864,452589,phredPhrap
183,451864,45286,
184,451864,460523,Newbler
187,451864,483514,Arachne
189,451864,486041,
190,451864,4909,
191,451864,4950,
192,451864,498019,Newbler
193,451864,498019,SSPACE-STANDARD
194,451864,498257,
195,451864,500485,
196,451864,502779,Pilon
197,451864,502780,Pilon
199,451864,510516,
200,451864,510951,Newbler
202,451864,515849,
203,451864,526221,
204,451864,535722,Arachne
206,451864,554155,
208,451864,559292,
209,451864,559295,
210,451864,559298,Unknown
211,451864,559305,
212,451864,559307,
213,451864,5599,Allpaths-LG
214,451864,561896,
215,451864,563466,CLC
218,451864,569365,allpaths
220,451864,573729,
221,451864,573826,
222,451864,578455,
223,451864,578456,Arachne
224,451864,578457,Arachne
225,451864,578458,Arachne
226,451864,578459,Arachne
238,451864,58627,Newbler
243,451864,590646,Newbler
245,451864,597362,Newbler
246,451864,599839,
247,451864,619300,Newbler
248,451864,644223,
249,451864,644352,Newbler
250,451864,645133,
256,451864,650164,Newbler
257,451864,653667,Newbler
258,451864,655819,Newbler
259,451864,655827,SOAPdenovo
260,451864,655844,Newbler
261,451864,655844,SOAPdenovo
262,451864,655863,
263,451864,656061,
264,451864,658429,Newbler
265,451864,660122,
266,451864,663202,
267,451864,663331,
268,451864,665024,Allpaths-LG
269,451864,665079,
270,451864,665912,Newbler
271,451864,670483,Newbler
272,451864,671144,Newbler
273,451864,671987,Newbler
276,451864,683960,Newbler
278,451864,690307,Newbler
279,451864,692275,Newbler
280,451864,694068,Newbler
282,451864,698492,Newbler
283,451864,717646,Newbler
284,451864,717944,Newbler
285,451864,717982,Newbler
287,451864,721885,
288,451864,732165,Newbler
289,451864,741275,Newbler
290,451864,741705,Newbler
292,451864,747525,Arachne
293,451864,747676,JAZZ
294,451864,756982,gsAssembler
295,451864,759272,Celera
296,451864,759273,HGAP3.0
297,451864,759273,Manual
299,451864,763406,
301,451864,764103,Alpaths-LG
302,451864,77020,
303,451864,771870,
304,451864,796027,
305,451864,84753,allpaths-lg
306,451864,858893,ALLPATHS
307,451864,861557,Abyss
309,451864,869754,Newbler
310,451864,871575,Newbler
312,451864,879819,Allpaths-LG
316,451864,91928,allpaths
318,451864,930089,AllPaths-LG
319,451864,930090,AllPaths-LG
320,451864,930091,Allpaths-LG
321,451864,931890,
322,451864,936046,
327,451864,983644,Newbler
328,451864,983966,Allpaths-LG
329,451864,984485,Allpaths-LG
330,451864,984486,Allpaths-LG
331,451864,984487,Allpaths-LG
332,451864,985895,
0,4890,1028729,CLCBio
2,4890,1041607,
3,4890,1043004,Allpaths-LG
4,4890,1043005,AllPaths-LG
5,4890,1064592,
6,4890,1069680,ALLPATHS
7,4890,1071378,
8,4890,1071380,
9,4890,1071381,
10,4890,1071382,
11,4890,1072389,Newbler
13,4890,1080349,AllPaths
14,4890,1081104,SOAPdenovo
18,4890,1116229,GS
27,4890,1136231,
29,4890,1168221,ALLPATHS
30,4890,1170230,SOAPdenovo
32,4890,1182541,allpaths
33,4890,1182542,allpaths
34,4890,1182543,
35,4890,1182544,allpaths
36,4890,1182545,allpaths
38,4890,1213859,SOAPdenovo
39,4890,1220924,allpaths
40,4890,1229662,Newbler
45,4890,1263415,Newbler
47,4890,1276141,SOAPdenovo
48,4890,1276143,SOAPdenovo
50,4890,1279043,allpaths
51,4890,1284197,Newbler
52,4890,1286976,CLC
53,4890,1287680,CLC
54,4890,1287681,CLC
64,4890,1328760,Allpaths-LG
65,4890,1344418,Allpaths-LG
70,4890,1367422,SPAdes
71,4890,1380566,Allpaths-LG
73,4890,1397361,Newbler
74,4890,1408163,Celera
75,4890,1408657,Abyss
76,4890,1408657,Spades
77,4890,1408658,
80,4890,1441469,ALLPATHS-LG
81,4890,1442368,allpaths
82,4890,1442369,allpaths
83,4890,1442370,allpaths
84,4890,1442371,allpaths
85,4890,1445577,Velvet
86,4890,1460663,Allpaths-LG
90,4890,149040,Allpaths-LG
91,4890,1509407,Newbler
94,4890,1664694,SPAdes
98,4890,212818,allpaths
100,4890,215243,allpaths
101,4890,222929,
102,4890,227321,
103,4890,229533,
105,4890,236234,CLC
106,4890,237561,
109,4890,242507,
110,4890,246410,
111,4890,253628,allpaths
114,4890,27334,SOAPdenovo
117,4890,284590,
118,4890,284591,
119,4890,284592,
120,4890,284593,
121,4890,284811,
122,4890,284812,
125,4890,294746,
126,4890,294747,
128,4890,306901,
129,4890,306902,
132,4890,321614,
133,4890,322104,
134,4890,330879,
135,4890,331117,
136,4890,33203,Allpaths-LG
137,4890,332648,
138,4890,332952,
140,4890,334819,
141,4890,336722,JAZZ
142,4890,336963,
143,4890,339724,
144,4890,341663,
145,4890,342668,CLC
146,4890,344612,
148,4890,348802,allpaths
155,4890,367110,Arachne
159,4890,379508,
160,4890,383855,Arachne
161,4890,398673,
162,4890,402676,Arachne
166,4890,413071,phredPhrap
170,4890,425011,
172,4890,426418,
173,4890,426428,
174,4890,431241,
176,4890,436907,
179,4890,441959,
180,4890,441960,
182,4890,452589,phredPhrap
183,4890,45286,
184,4890,460523,Newbler
187,4890,483514,Arachne
190,4890,4909,
191,4890,4950,
192,4890,498019,Newbler
193,4890,498019,SSPACE-STANDARD
194,4890,498257,
195,4890,500485,
196,4890,502779,Pilon
197,4890,502780,Pilon
199,4890,510516,
200,4890,510951,Newbler
202,4890,515849,
203,4890,526221,
204,4890,535722,Arachne
206,4890,554155,
208,4890,559292,
209,4890,559295,
210,4890,559298,Unknown
211,4890,559305,
212,4890,559307,
213,4890,5599,Allpaths-LG
215,4890,563466,CLC
218,4890,569365,allpaths
220,4890,573729,
221,4890,573826,
222,4890,578455,
238,4890,58627,Newbler
243,4890,590646,Newbler
247,4890,619300,Newbler
248,4890,644223,
249,4890,644352,Newbler
250,4890,645133,
257,4890,653667,Newbler
258,4890,655819,Newbler
259,4890,655827,SOAPdenovo
260,4890,655844,Newbler
261,4890,655844,SOAPdenovo
262,4890,655863,
263,4890,656061,
264,4890,658429,Newbler
265,4890,660122,
266,4890,663202,
267,4890,663331,
268,4890,665024,Allpaths-LG
269,4890,665079,
270,4890,665912,Newbler
273,4890,671987,Newbler
276,4890,683960,Newbler
278,4890,690307,Newbler
279,4890,692275,Newbler
282,4890,698492,Newbler
283,4890,717646,Newbler
294,4890,756982,gsAssembler
295,4890,759272,Celera
296,4890,759273,HGAP3.0
297,4890,759273,Manual
299,4890,763406,
303,4890,771870,
304,4890,796027,
306,4890,858893,ALLPATHS
307,4890,861557,Abyss
309,4890,869754,Newbler
310,4890,871575,Newbler
316,4890,91928,allpaths
318,4890,930089,AllPaths-LG
319,4890,930090,AllPaths-LG
320,4890,930091,Allpaths-LG
321,4890,931890,
327,4890,983644,Newbler
328,4890,983966,Allpaths-LG
329,4890,984485,Allpaths-LG
330,4890,984486,Allpaths-LG
331,4890,984487,Allpaths-LG
332,4890,985895,
0,716545,1028729,CLCBio
2,716545,1041607,
3,716545,1043004,Allpaths-LG
4,716545,1043005,AllPaths-LG
5,716545,1064592,
7,716545,1071378,
8,716545,1071380,
9,716545,1071381,
10,716545,1071382,
11,716545,1072389,Newbler
13,716545,1080349,AllPaths
14,716545,1081104,SOAPdenovo
18,716545,1116229,GS
27,716545,1136231,
29,716545,1168221,ALLPATHS
30,716545,1170230,SOAPdenovo
32,716545,1182541,allpaths
33,716545,1182542,allpaths
34,716545,1182543,
35,716545,1182544,allpaths
36,716545,1182545,allpaths
38,716545,1213859,SOAPdenovo
39,716545,1220924,allpaths
40,716545,1229662,Newbler
45,716545,1263415,Newbler
47,716545,1276141,SOAPdenovo
48,716545,1276143,SOAPdenovo
50,716545,1279043,allpaths
51,716545,1284197,Newbler
52,716545,1286976,CLC
53,716545,1287680,CLC
54,716545,1287681,CLC
64,716545,1328760,Allpaths-LG
65,716545,1344418,Allpaths-LG
70,716545,1367422,SPAdes
71,716545,1380566,Allpaths-LG
73,716545,1397361,Newbler
74,716545,1408163,Celera
80,716545,1441469,ALLPATHS-LG
81,716545,1442368,allpaths
82,716545,1442369,allpaths
83,716545,1442370,allpaths
84,716545,1442371,allpaths
85,716545,1445577,Velvet
86,716545,1460663,Allpaths-LG
90,716545,149040,Allpaths-LG
91,716545,1509407,Newbler
94,716545,1664694,SPAdes
98,716545,212818,allpaths
100,716545,215243,allpaths
101,716545,222929,
102,716545,227321,
103,716545,229533,
105,716545,236234,CLC
106,716545,237561,
109,716545,242507,
110,716545,246410,
111,716545,253628,allpaths
114,716545,27334,SOAPdenovo
117,716545,284590,
118,716545,284591,
119,716545,284592,
120,716545,284593,
121,716545,284811,
125,716545,294746,
126,716545,294747,
128,716545,306901,
129,716545,306902,
132,716545,321614,
133,716545,322104,
134,716545,330879,
135,716545,331117,
136,716545,33203,Allpaths-LG
137,716545,332648,
138,716545,332952,
140,716545,334819,
141,716545,336722,JAZZ
142,716545,336963,
143,716545,339724,
144,716545,341663,
145,716545,342668,CLC
146,716545,344612,
148,716545,348802,allpaths
155,716545,367110,Arachne
159,716545,379508,
160,716545,383855,Arachne
161,716545,398673,
166,716545,413071,phredPhrap
170,716545,425011,
172,716545,426418,
173,716545,426428,
174,716545,431241,
176,716545,436907,
179,716545,441959,
180,716545,441960,
182,716545,452589,phredPhrap
183,716545,45286,
184,716545,460523,Newbler
190,716545,4909,
191,716545,4950,
192,716545,498019,Newbler
193,716545,498019,SSPACE-STANDARD
194,716545,498257,
195,716545,500485,
196,716545,502779,Pilon
197,716545,502780,Pilon
199,716545,510516,
200,716545,510951,Newbler
202,716545,515849,
203,716545,526221,
204,716545,535722,Arachne
206,716545,554155,
208,716545,559292,
209,716545,559295,
210,716545,559298,Unknown
211,716545,559305,
212,716545,559307,
213,716545,5599,Allpaths-LG
215,716545,563466,CLC
218,716545,569365,allpaths
220,716545,573729,
221,716545,573826,
222,716545,578455,
238,716545,58627,Newbler
243,716545,590646,Newbler
247,716545,619300,Newbler
248,716545,644223,
249,716545,644352,Newbler
250,716545,645133,
258,716545,655819,Newbler
259,716545,655827,SOAPdenovo
260,716545,655844,Newbler
261,716545,655844,SOAPdenovo
262,716545,655863,
263,716545,656061,
264,716545,658429,Newbler
265,716545,660122,
266,716545,663202,
267,716545,663331,
268,716545,665024,Allpaths-LG
269,716545,665079,
270,716545,665912,Newbler
273,716545,671987,Newbler
276,716545,683960,Newbler
278,716545,690307,Newbler
279,716545,692275,Newbler
283,716545,717646,Newbler
294,716545,756982,gsAssembler
295,716545,759272,Celera
296,716545,759273,HGAP3.0
297,716545,759273,Manual
299,716545,763406,
303,716545,771870,
304,716545,796027,
306,716545,858893,ALLPATHS
307,716545,861557,Abyss
309,716545,869754,Newbler
310,716545,871575,Newbler
316,716545,91928,allpaths
318,716545,930089,AllPaths-LG
319,716545,930090,AllPaths-LG
320,716545,930091,Allpaths-LG
321,716545,931890,
327,716545,983644,Newbler
328,716545,983966,Allpaths-LG
329,716545,984485,Allpaths-LG
330,716545,984486,Allpaths-LG
331,716545,984487,Allpaths-LG
332,716545,985895,
0,147538,1028729,CLCBio
3,147538,1043004,Allpaths-LG
4,147538,1043005,AllPaths-LG
11,147538,1072389,Newbler
14,147538,1081104,SOAPdenovo
18,147538,1116229,GS
29,147538,1168221,ALLPATHS
30,147538,1170230,SOAPdenovo
32,147538,1182541,allpaths
33,147538,1182542,allpaths
34,147538,1182543,
35,147538,1182544,allpaths
36,147538,1182545,allpaths
38,147538,1213859,SOAPdenovo
39,147538,1220924,allpaths
40,147538,1229662,Newbler
45,147538,1263415,Newbler
47,147538,1276141,SOAPdenovo
48,147538,1276143,SOAPdenovo
50,147538,1279043,allpaths
51,147538,1284197,Newbler
52,147538,1286976,CLC
53,147538,1287680,CLC
54,147538,1287681,CLC
64,147538,1328760,Allpaths-LG
70,147538,1367422,SPAdes
71,147538,1380566,Allpaths-LG
73,147538,1397361,Newbler
74,147538,1408163,Celera
80,147538,1441469,ALLPATHS-LG
81,147538,1442368,allpaths
82,147538,1442369,allpaths
83,147538,1442370,allpaths
84,147538,1442371,allpaths
85,147538,1445577,Velvet
86,147538,1460663,Allpaths-LG
90,147538,149040,Allpaths-LG
91,147538,1509407,Newbler
94,147538,1664694,SPAdes
98,147538,212818,allpaths
100,147538,215243,allpaths
101,147538,222929,
102,147538,227321,
103,147538,229533,
105,147538,236234,CLC
109,147538,242507,
110,147538,246410,
111,147538,253628,allpaths
114,147538,27334,SOAPdenovo
128,147538,306901,
132,147538,321614,
134,147538,330879,
135,147538,331117,
136,147538,33203,Allpaths-LG
137,147538,332648,
138,147538,332952,
140,147538,334819,
141,147538,336722,JAZZ
142,147538,336963,
143,147538,339724,
144,147538,341663,
145,147538,342668,CLC
146,147538,344612,
148,147538,348802,allpaths
155,147538,367110,Arachne
160,147538,383855,Arachne
161,147538,398673,
166,147538,413071,phredPhrap
170,147538,425011,
172,147538,426418,
173,147538,426428,
174,147538,431241,
179,147538,441959,
180,147538,441960,
182,147538,452589,phredPhrap
194,147538,498257,
195,147538,500485,
196,147538,502779,Pilon
197,147538,502780,Pilon
199,147538,510516,
200,147538,510951,Newbler
202,147538,515849,
203,147538,526221,
204,147538,535722,Arachne
206,147538,554155,
210,147538,559298,Unknown
211,147538,559305,
213,147538,5599,Allpaths-LG
215,147538,563466,CLC
218,147538,569365,allpaths
220,147538,573729,
222,147538,578455,
249,147538,644352,Newbler
250,147538,645133,
258,147538,655819,Newbler
259,147538,655827,SOAPdenovo
260,147538,655844,Newbler
261,147538,655844,SOAPdenovo
262,147538,655863,
263,147538,656061,
264,147538,658429,Newbler
265,147538,660122,
266,147538,663202,
267,147538,663331,
268,147538,665024,Allpaths-LG
269,147538,665079,
270,147538,665912,Newbler
273,147538,671987,Newbler
278,147538,690307,Newbler
279,147538,692275,Newbler
283,147538,717646,Newbler
294,147538,756982,gsAssembler
295,147538,759272,Celera
296,147538,759273,HGAP3.0
297,147538,759273,Manual
303,147538,771870,
306,147538,858893,ALLPATHS
307,147538,861557,Abyss
316,147538,91928,allpaths
318,147538,930089,AllPaths-LG
319,147538,930090,AllPaths-LG
320,147538,930091,Allpaths-LG
327,147538,983644,Newbler
332,147538,985895,
0,716546,1028729,CLCBio
3,716546,1043004,Allpaths-LG
4,716546,1043005,AllPaths-LG
11,716546,1072389,Newbler
14,716546,1081104,SOAPdenovo
18,716546,1116229,GS
29,716546,1168221,ALLPATHS
30,716546,1170230,SOAPdenovo
32,716546,1182541,allpaths
33,716546,1182542,allpaths
34,716546,1182543,
35,716546,1182544,allpaths
36,716546,1182545,allpaths
38,716546,1213859,SOAPdenovo
39,716546,1220924,allpaths
40,716546,1229662,Newbler
45,716546,1263415,Newbler
47,716546,1276141,SOAPdenovo
48,716546,1276143,SOAPdenovo
50,716546,1279043,allpaths
52,716546,1286976,CLC
53,716546,1287680,CLC
54,716546,1287681,CLC
64,716546,1328760,Allpaths-LG
70,716546,1367422,SPAdes
71,716546,1380566,Allpaths-LG
73,716546,1397361,Newbler
74,716546,1408163,Celera
80,716546,1441469,ALLPATHS-LG
81,716546,1442368,allpaths
82,716546,1442369,allpaths
83,716546,1442370,allpaths
84,716546,1442371,allpaths
85,716546,1445577,Velvet
86,716546,1460663,Allpaths-LG
90,716546,149040,Allpaths-LG
91,716546,1509407,Newbler
94,716546,1664694,SPAdes
98,716546,212818,allpaths
100,716546,215243,allpaths
101,716546,222929,
102,716546,227321,
103,716546,229533,
105,716546,236234,CLC
109,716546,242507,
110,716546,246410,
111,716546,253628,allpaths
114,716546,27334,SOAPdenovo
128,716546,306901,
132,716546,321614,
134,716546,330879,
135,716546,331117,
136,716546,33203,Allpaths-LG
137,716546,332648,
138,716546,332952,
140,716546,334819,
141,716546,336722,JAZZ
142,716546,336963,
143,716546,339724,
144,716546,341663,
145,716546,342668,CLC
146,716546,344612,
148,716546,348802,allpaths
155,716546,367110,Arachne
160,716546,383855,Arachne
161,716546,398673,
166,716546,413071,phredPhrap
170,716546,425011,
172,716546,426418,
173,716546,426428,
174,716546,431241,
179,716546,441959,
180,716546,441960,
182,716546,452589,phredPhrap
194,716546,498257,
195,716546,500485,
196,716546,502779,Pilon
197,716546,502780,Pilon
199,716546,510516,
200,716546,510951,Newbler
202,716546,515849,
203,716546,526221,
204,716546,535722,Arachne
206,716546,554155,
210,716546,559298,Unknown
211,716546,559305,
213,716546,5599,Allpaths-LG
215,716546,563466,CLC
218,716546,569365,allpaths
220,716546,573729,
222,716546,578455,
249,716546,644352,Newbler
250,716546,645133,
258,716546,655819,Newbler
259,716546,655827,SOAPdenovo
260,716546,655844,Newbler
261,716546,655844,SOAPdenovo
262,716546,655863,
264,716546,658429,Newbler
265,716546,660122,
266,716546,663202,
267,716546,663331,
268,716546,665024,Allpaths-LG
269,716546,665079,
270,716546,665912,Newbler
273,716546,671987,Newbler
278,716546,690307,Newbler
279,716546,692275,Newbler
283,716546,717646,Newbler
295,716546,759272,Celera
296,716546,759273,HGAP3.0
297,716546,759273,Manual
303,716546,771870,
306,716546,858893,ALLPATHS
307,716546,861557,Abyss
316,716546,91928,allpaths
318,716546,930089,AllPaths-LG
319,716546,930090,AllPaths-LG
320,716546,930091,Allpaths-LG
327,716546,983644,Newbler
332,716546,985895,
0,715989,1028729,CLCBio
11,715989,1072389,Newbler
14,715989,1081104,SOAPdenovo
18,715989,1116229,GS
38,715989,1213859,SOAPdenovo
40,715989,1229662,Newbler
47,715989,1276141,SOAPdenovo
48,715989,1276143,SOAPdenovo
52,715989,1286976,CLC
54,715989,1287681,CLC
71,715989,1380566,Allpaths-LG
73,715989,1397361,Newbler
85,715989,1445577,Velvet
90,715989,149040,Allpaths-LG
103,715989,229533,
109,715989,242507,
128,715989,306901,
136,715989,33203,Allpaths-LG
137,715989,332648,
140,715989,334819,
145,715989,342668,CLC
155,715989,367110,Arachne
161,715989,398673,
166,715989,413071,phredPhrap
173,715989,426428,
174,715989,431241,
182,715989,452589,phredPhrap
194,715989,498257,
200,715989,510951,Newbler
202,715989,515849,
203,715989,526221,
215,715989,563466,CLC
220,715989,573729,
222,715989,578455,
249,715989,644352,Newbler
250,715989,645133,
258,715989,655819,Newbler
259,715989,655827,SOAPdenovo
260,715989,655844,Newbler
261,715989,655844,SOAPdenovo
262,715989,655863,
264,715989,658429,Newbler
265,715989,660122,
269,715989,665079,
295,715989,759272,Celera
296,715989,759273,HGAP3.0
297,715989,759273,Manual
303,715989,771870,
327,715989,983644,Newbler
0,147550,1028729,CLCBio
14,147550,1081104,SOAPdenovo
38,147550,1213859,SOAPdenovo
40,147550,1229662,Newbler
47,147550,1276141,SOAPdenovo
48,147550,1276143,SOAPdenovo
52,147550,1286976,CLC
54,147550,1287681,CLC
71,147550,1380566,Allpaths-LG
73,147550,1397361,Newbler
85,147550,1445577,Velvet
103,147550,229533,
109,147550,242507,
128,147550,306901,
136,147550,33203,Allpaths-LG
140,147550,334819,
155,147550,367110,Arachne
161,147550,398673,
166,147550,413071,phredPhrap
173,147550,426428,
174,147550,431241,
182,147550,452589,phredPhrap
194,147550,498257,
200,147550,510951,Newbler
202,147550,515849,
203,147550,526221,
215,147550,563466,CLC
220,147550,573729,
222,147550,578455,
249,147550,644352,Newbler
250,147550,645133,
258,147550,655819,Newbler
259,147550,655827,SOAPdenovo
260,147550,655844,Newbler
261,147550,655844,SOAPdenovo
262,147550,655863,
265,147550,660122,
295,147550,759272,Celera
296,147550,759273,HGAP3.0
297,147550,759273,Manual
303,147550,771870,
327,147550,983644,Newbler
52,222544,1286976,CLC
73,222544,1397361,Newbler
109,222544,242507,
128,222544,306901,
155,222544,367110,Arachne
200,222544,510951,Newbler
202,222544,515849,
220,222544,573729,
222,222544,578455,
249,222544,644352,Newbler
262,222544,655863,
295,222544,759272,Celera
303,222544,771870,
128,5139,306901,
155,5139,367110,Arachne
200,5139,510951,Newbler
202,5139,515849,
220,5139,573729,
222,5139,578455,
295,5139,759272,Celera
303,5139,771870,
155,5148,367110,Arachne
200,5148,510951,Newbler
303,5148,771870,
155,5140,367110,Arachne
200,5140,510951,Newbler
155,367110,367110,Arachne
200,510951,510951,Newbler
303,771870,771870,
128,35718,306901,
220,35718,573729,
222,35718,578455,
295,35718,759272,Celera
128,5149,306901,
295,5149,759272,Celera
128,306901,306901,
295,759272,759272,Celera
222,578455,578455,
220,573729,573729,
202,515849,515849,
73,5152,1397361,Newbler
262,5152,655863,
73,1397361,1397361,Newbler
262,655863,655863,
109,81093,242507,
249,81093,644352,Newbler
249,644352,644352,Newbler
109,242507,242507,
52,1286976,1286976,CLC
0,222543,1028729,CLCBio
14,222543,1081104,SOAPdenovo
38,222543,1213859,SOAPdenovo
47,222543,1276141,SOAPdenovo
48,222543,1276143,SOAPdenovo
71,222543,1380566,Allpaths-LG
85,222543,1445577,Velvet
103,222543,229533,
136,222543,33203,Allpaths-LG
140,222543,334819,
161,222543,398673,
166,222543,413071,phredPhrap
173,222543,426428,
174,222543,431241,
182,222543,452589,phredPhrap
194,222543,498257,
203,222543,526221,
215,222543,563466,CLC
250,222543,645133,
258,222543,655819,Newbler
259,222543,655827,SOAPdenovo
260,222543,655844,Newbler
261,222543,655844,SOAPdenovo
265,222543,660122,
296,222543,759273,HGAP3.0
297,222543,759273,Manual
327,222543,983644,Newbler
38,1028384,1213859,SOAPdenovo
85,1028384,1445577,Velvet
194,1028384,498257,
203,1028384,526221,
250,1028384,645133,
296,1028384,759273,HGAP3.0
297,1028384,759273,Manual
38,5455,1213859,SOAPdenovo
85,5455,1445577,Velvet
250,5455,645133,
296,5455,759273,HGAP3.0
297,5455,759273,Manual
250,645133,645133,
85,1445577,1445577,Velvet
38,1213859,1213859,SOAPdenovo
296,759273,759273,HGAP3.0
297,759273,759273,Manual
194,1036719,498257,
203,1036719,526221,
194,498257,498257,
203,526221,526221,
0,5125,1028729,CLCBio
14,5125,1081104,SOAPdenovo
47,5125,1276141,SOAPdenovo
48,5125,1276143,SOAPdenovo
71,5125,1380566,Allpaths-LG
103,5125,229533,
136,5125,33203,Allpaths-LG
140,5125,334819,
161,5125,398673,
166,5125,413071,phredPhrap
173,5125,426428,
174,5125,431241,
182,5125,452589,phredPhrap
258,5125,655819,Newbler
259,5125,655827,SOAPdenovo
260,5125,655844,Newbler
261,5125,655844,SOAPdenovo
265,5125,660122,
327,5125,983644,Newbler
14,474943,1081104,SOAPdenovo
258,474943,655819,Newbler
327,474943,983644,Newbler
327,983644,983644,Newbler
14,1081104,1081104,SOAPdenovo
258,655819,655819,Newbler
47,34397,1276141,SOAPdenovo
48,34397,1276143,SOAPdenovo
71,34397,1380566,Allpaths-LG
259,34397,655827,SOAPdenovo
260,34397,655844,Newbler
261,34397,655844,SOAPdenovo
47,5529,1276141,SOAPdenovo
48,5529,1276143,SOAPdenovo
259,5529,655827,SOAPdenovo
260,5529,655844,Newbler
261,5529,655844,SOAPdenovo
47,1276141,1276141,SOAPdenovo
48,1276143,1276143,SOAPdenovo
259,655827,655827,SOAPdenovo
260,655844,655844,Newbler
261,655844,655844,SOAPdenovo
71,1380566,1380566,Allpaths-LG
0,5506,1028729,CLCBio
103,5506,229533,
140,5506,334819,
173,5506,426428,
265,5506,660122,
0,569360,1028729,CLCBio
103,569360,229533,
0,1028729,1028729,CLCBio
103,229533,229533,
140,334819,334819,
265,660122,660122,
173,426428,426428,
161,5543,398673,
166,5543,413071,phredPhrap
174,5543,431241,
182,5543,452589,phredPhrap
161,398673,398673,
174,431241,431241,
182,452589,452589,phredPhrap
166,413071,413071,phredPhrap
136,33203,33203,Allpaths-LG
215,563466,563466,CLC
40,37989,1229662,Newbler
54,37989,1287681,CLC
54,1287681,1287681,CLC
40,1229662,1229662,Newbler
11,147548,1072389,Newbler
18,147548,1116229,GS
90,147548,149040,Allpaths-LG
137,147548,332648,
145,147548,342668,CLC
264,147548,658429,Newbler
269,147548,665079,
11,5178,1072389,Newbler
18,5178,1116229,GS
90,5178,149040,Allpaths-LG
137,5178,332648,
269,5178,665079,
137,28983,332648,
269,28983,665079,
269,665079,665079,
137,332648,332648,
90,149040,149040,Allpaths-LG
18,1116229,1116229,GS
11,1072389,1072389,Newbler
145,78156,342668,CLC
264,78156,658429,Newbler
145,342668,342668,CLC
264,658429,658429,Newbler
30,147545,1170230,SOAPdenovo
32,147545,1182541,allpaths
33,147545,1182542,allpaths
34,147545,1182543,
35,147545,1182544,allpaths
36,147545,1182545,allpaths
39,147545,1220924,allpaths
45,147545,1263415,Newbler
50,147545,1279043,allpaths
70,147545,1367422,SPAdes
74,147545,1408163,Celera
80,147545,1441469,ALLPATHS-LG
81,147545,1442368,allpaths
82,147545,1442369,allpaths
83,147545,1442370,allpaths
84,147545,1442371,allpaths
91,147545,1509407,Newbler
94,147545,1664694,SPAdes
98,147545,212818,allpaths
100,147545,215243,allpaths
101,147545,222929,
102,147545,227321,
110,147545,246410,
114,147545,27334,SOAPdenovo
134,147545,330879,
135,147545,331117,
138,147545,332952,
142,147545,336963,
143,147545,339724,
144,147545,341663,
146,147545,344612,
148,147545,348802,allpaths
170,147545,425011,
179,147545,441959,
180,147545,441960,
195,147545,500485,
196,147545,502779,Pilon
197,147545,502780,Pilon
199,147545,510516,
204,147545,535722,Arachne
206,147545,554155,
210,147545,559298,Unknown
211,147545,559305,
218,147545,569365,allpaths
266,147545,663202,
267,147545,663331,
278,147545,690307,Newbler
306,147545,858893,ALLPATHS
316,147545,91928,allpaths
30,451871,1170230,SOAPdenovo
74,451871,1408163,Celera
80,451871,1441469,ALLPATHS-LG
91,451871,1509407,Newbler
101,451871,222929,
102,451871,227321,
110,451871,246410,
114,451871,27334,SOAPdenovo
134,451871,330879,
135,451871,331117,
138,451871,332952,
142,451871,336963,
143,451871,339724,
144,451871,341663,
146,451871,344612,
170,451871,425011,
179,451871,441959,
180,451871,441960,
195,451871,500485,
196,451871,502779,Pilon
197,451871,502780,Pilon
199,451871,510516,
204,451871,535722,Arachne
206,451871,554155,
210,451871,559298,Unknown
211,451871,559305,
266,451871,663202,
267,451871,663331,
278,451871,690307,Newbler
101,33183,222929,
110,33183,246410,
142,33183,336963,
143,33183,339724,
196,33183,502779,Pilon
197,33183,502780,Pilon
204,33183,535722,Arachne
206,33183,554155,
210,33183,559298,Unknown
211,33183,559305,
266,33183,663202,
267,33183,663331,
204,34384,535722,Arachne
206,34384,554155,
211,34384,559305,
266,34384,663202,
267,34384,663331,
211,5550,559305,
266,5550,663202,
267,5550,663331,
266,663202,663202,
211,559305,559305,
267,663331,663331,
206,554155,554155,
204,535722,535722,Arachne
101,1593277,222929,
110,1593277,246410,
196,1593277,502779,Pilon
197,1593277,502780,Pilon
101,5500,222929,
110,5500,246410,
110,246410,246410,
101,222929,222929,
196,38946,502779,Pilon
197,38946,502780,Pilon
196,502779,502779,Pilon
197,502780,502780,Pilon
143,299071,339724,
210,299071,559298,Unknown
210,559298,559298,Unknown
143,339724,339724,
142,336963,336963,
30,5042,1170230,SOAPdenovo
74,5042,1408163,Celera
80,5042,1441469,ALLPATHS-LG
91,5042,1509407,Newbler
102,5042,227321,
114,5042,27334,SOAPdenovo
134,5042,330879,
135,5042,331117,
138,5042,332952,
144,5042,341663,
146,5042,344612,
170,5042,425011,
179,5042,441959,
180,5042,441960,
195,5042,500485,
199,5042,510516,
278,5042,690307,Newbler
30,1131492,1170230,SOAPdenovo
91,1131492,1509407,Newbler
102,1131492,227321,
114,1131492,27334,SOAPdenovo
134,1131492,330879,
135,1131492,331117,
138,1131492,332952,
144,1131492,341663,
146,1131492,344612,
170,1131492,425011,
195,1131492,500485,
199,1131492,510516,
278,1131492,690307,Newbler
91,5052,1509407,Newbler
102,5052,227321,
134,5052,330879,
135,5052,331117,
138,5052,332952,
144,5052,341663,
146,5052,344612,
170,5052,425011,
199,5052,510516,
278,5052,690307,Newbler
91,1509407,1509407,Newbler
146,344612,344612,
199,510516,510516,
134,330879,330879,
278,690307,690307,Newbler
138,332952,332952,
144,341663,341663,
170,425011,425011,
135,331117,331117,
102,227321,227321,
30,5073,1170230,SOAPdenovo
114,5073,27334,SOAPdenovo
195,5073,500485,
114,27334,27334,SOAPdenovo
30,1170230,1170230,SOAPdenovo
195,500485,500485,
74,28568,1408163,Celera
80,28568,1441469,ALLPATHS-LG
179,28568,441959,
180,28568,441960,
80,5094,1441469,ALLPATHS-LG
179,5094,441959,
180,5094,441960,
80,1441469,1441469,ALLPATHS-LG
180,441960,441960,
179,441959,441959,
74,1408163,1408163,Celera
32,451870,1182541,allpaths
33,451870,1182542,allpaths
34,451870,1182543,
35,451870,1182544,allpaths
36,451870,1182545,allpaths
39,451870,1220924,allpaths
45,451870,1263415,Newbler
50,451870,1279043,allpaths
70,451870,1367422,SPAdes
81,451870,1442368,allpaths
82,451870,1442369,allpaths
83,451870,1442370,allpaths
84,451870,1442371,allpaths
94,451870,1664694,SPAdes
98,451870,212818,allpaths
100,451870,215243,allpaths
148,451870,348802,allpaths
218,451870,569365,allpaths
306,451870,858893,ALLPATHS
316,451870,91928,allpaths
32,34395,1182541,allpaths
33,34395,1182542,allpaths
34,34395,1182543,
35,34395,1182544,allpaths
36,34395,1182545,allpaths
39,34395,1220924,allpaths
50,34395,1279043,allpaths
70,34395,1367422,SPAdes
81,34395,1442368,allpaths
82,34395,1442369,allpaths
83,34395,1442370,allpaths
84,34395,1442371,allpaths
94,34395,1664694,SPAdes
98,34395,212818,allpaths
100,34395,215243,allpaths
148,34395,348802,allpaths
218,34395,569365,allpaths
306,34395,858893,ALLPATHS
316,34395,91928,allpaths
32,43219,1182541,allpaths
33,43219,1182542,allpaths
34,43219,1182543,
35,43219,1182544,allpaths
36,43219,1182545,allpaths
50,43219,1279043,allpaths
70,43219,1367422,SPAdes
81,43219,1442368,allpaths
82,43219,1442369,allpaths
83,43219,1442370,allpaths
84,43219,1442371,allpaths
94,43219,1664694,SPAdes
98,43219,212818,allpaths
100,43219,215243,allpaths
148,43219,348802,allpaths
218,43219,569365,allpaths
306,43219,858893,ALLPATHS
316,43219,91928,allpaths
34,82105,1182543,
35,82105,1182544,allpaths
50,82105,1279043,allpaths
83,82105,1442370,allpaths
218,82105,569365,allpaths
218,569365,569365,allpaths
83,1442370,1442370,allpaths
34,1182543,1182543,
35,1182544,1182544,allpaths
50,1279043,1279043,allpaths
70,40354,1367422,SPAdes
81,40354,1442368,allpaths
84,40354,1442371,allpaths
70,1367422,1367422,SPAdes
81,1442368,1442368,allpaths
84,1442371,1442371,allpaths
36,5583,1182545,allpaths
98,5583,212818,allpaths
100,5583,215243,allpaths
148,5583,348802,allpaths
306,5583,858893,ALLPATHS
316,5583,91928,allpaths
148,348802,348802,allpaths
100,215243,215243,allpaths
316,91928,91928,allpaths
98,212818,212818,allpaths
306,858893,858893,ALLPATHS
36,1182545,1182545,allpaths
32,43220,1182541,allpaths
33,43220,1182542,allpaths
32,1182541,1182541,allpaths
33,1182542,1182542,allpaths
94,1664694,1664694,SPAdes
82,1442369,1442369,allpaths
39,1220924,1220924,allpaths
45,1263415,1263415,Newbler
3,147541,1043004,Allpaths-LG
4,147541,1043005,AllPaths-LG
29,147541,1168221,ALLPATHS
53,147541,1287680,CLC
86,147541,1460663,Allpaths-LG
105,147541,236234,CLC
111,147541,253628,allpaths
132,147541,321614,
141,147541,336722,JAZZ
160,147541,383855,Arachne
172,147541,426418,
213,147541,5599,Allpaths-LG
268,147541,665024,Allpaths-LG
270,147541,665912,Newbler
273,147541,671987,Newbler
279,147541,692275,Newbler
283,147541,717646,Newbler
307,147541,861557,Abyss
318,147541,930089,AllPaths-LG
319,147541,930090,AllPaths-LG
320,147541,930091,Allpaths-LG
332,147541,985895,
29,159987,1168221,ALLPATHS
53,159987,1287680,CLC
105,159987,236234,CLC
111,159987,253628,allpaths
53,45131,1287680,CLC
105,45131,236234,CLC
105,236234,236234,CLC
53,1287680,1287680,CLC
29,1168221,1168221,ALLPATHS
111,253628,253628,allpaths
3,451867,1043004,Allpaths-LG
4,451867,1043005,AllPaths-LG
141,451867,336722,JAZZ
160,451867,383855,Arachne
279,451867,692275,Newbler
283,451867,717646,Newbler
141,134362,336722,JAZZ
160,134362,383855,Arachne
279,134362,692275,Newbler
283,134362,717646,Newbler
141,93133,336722,JAZZ
160,93133,383855,Arachne
279,93133,692275,Newbler
279,692275,692275,Newbler
141,336722,336722,JAZZ
160,383855,383855,Arachne
283,717646,717646,Newbler
3,5579,1043004,Allpaths-LG
4,5579,1043005,AllPaths-LG
3,1043004,1043004,Allpaths-LG
4,1043005,1043005,AllPaths-LG
86,92860,1460663,Allpaths-LG
132,92860,321614,
172,92860,426418,
213,92860,5599,Allpaths-LG
268,92860,665024,Allpaths-LG
270,92860,665912,Newbler
273,92860,671987,Newbler
307,92860,861557,Abyss
318,92860,930089,AllPaths-LG
319,92860,930090,AllPaths-LG
320,92860,930091,Allpaths-LG
332,92860,985895,
132,715340,321614,
172,715340,426418,
213,715340,5599,Allpaths-LG
268,715340,665024,Allpaths-LG
270,715340,665912,Newbler
273,715340,671987,Newbler
307,715340,861557,Abyss
318,715340,930089,AllPaths-LG
319,715340,930090,AllPaths-LG
320,715340,930091,Allpaths-LG
332,715340,985895,
172,28556,426418,
213,28556,5599,Allpaths-LG
268,28556,665024,Allpaths-LG
270,28556,665912,Newbler
273,28556,671987,Newbler
307,28556,861557,Abyss
318,28556,930089,AllPaths-LG
319,28556,930090,AllPaths-LG
320,28556,930091,Allpaths-LG
268,33194,665024,Allpaths-LG
270,33194,665912,Newbler
318,33194,930089,AllPaths-LG
319,33194,930090,AllPaths-LG
320,33194,930091,Allpaths-LG
318,930089,930089,AllPaths-LG
320,930091,930091,Allpaths-LG
270,665912,665912,Newbler
268,665024,665024,Allpaths-LG
319,930090,930090,AllPaths-LG
172,5027,426418,
307,5027,861557,Abyss
172,426418,426418,
307,861557,861557,Abyss
273,671987,671987,Newbler
213,5599,5599,Allpaths-LG
132,321614,321614,
332,985895,985895,
86,1460663,1460663,Allpaths-LG
64,1328760,1328760,Allpaths-LG
51,47021,1284197,Newbler
294,47021,756982,gsAssembler
51,1284197,1284197,Newbler
294,756982,756982,gsAssembler
263,656061,656061,
2,4892,1041607,
5,4892,1064592,
7,4892,1071378,
8,4892,1071380,
9,4892,1071381,
10,4892,1071382,
13,4892,1080349,AllPaths
27,4892,1136231,
65,4892,1344418,Allpaths-LG
106,4892,237561,
117,4892,284590,
118,4892,284591,
119,4892,284592,
120,4892,284593,
121,4892,284811,
125,4892,294746,
126,4892,294747,
129,4892,306902,
133,4892,322104,
159,4892,379508,
176,4892,436907,
183,4892,45286,
184,4892,460523,Newbler
190,4892,4909,
191,4892,4950,
192,4892,498019,Newbler
193,4892,498019,SSPACE-STANDARD
208,4892,559292,
209,4892,559295,
212,4892,559307,
221,4892,573826,
238,4892,58627,Newbler
243,4892,590646,Newbler
247,4892,619300,Newbler
248,4892,644223,
276,4892,683960,Newbler
299,4892,763406,
304,4892,796027,
309,4892,869754,Newbler
310,4892,871575,Newbler
321,4892,931890,
328,4892,983966,Allpaths-LG
329,4892,984485,Allpaths-LG
330,4892,984486,Allpaths-LG
331,4892,984487,Allpaths-LG
5,4893,1064592,
7,4893,1071378,
8,4893,1071380,
9,4893,1071381,
10,4893,1071382,
13,4893,1080349,AllPaths
117,4893,284590,
120,4893,284593,
121,4893,284811,
176,4893,436907,
183,4893,45286,
191,4893,4950,
208,4893,559292,
209,4893,559295,
212,4893,559307,
321,4893,931890,
13,4930,1080349,AllPaths
208,4930,559292,
13,1080349,1080349,AllPaths
208,559292,559292,
121,33170,284811,
183,33170,45286,
321,33170,931890,
183,45286,45286,
321,931890,931890,
121,284811,284811,
5,278028,1064592,
7,278028,1071378,
5,1064592,1064592,
7,1071378,1071378,
8,113604,1071380,
9,113604,1071381,
8,1071380,1071380,
9,1071381,1071381,
191,4950,4950,
176,436907,436907,
209,559295,559295,
212,559307,559307,
10,1071382,1071382,
117,284590,284590,
120,284593,284593,
27,766764,1136231,
106,766764,237561,
119,766764,284592,
125,766764,294746,
126,766764,294747,
133,766764,322104,
159,766764,379508,
221,766764,573826,
238,766764,58627,Newbler
243,766764,590646,Newbler
247,766764,619300,Newbler
329,766764,984485,Allpaths-LG
330,766764,984486,Allpaths-LG
331,766764,984487,Allpaths-LG
27,1535325,1136231,
106,1535325,237561,
126,1535325,294747,
159,1535325,379508,
221,1535325,573826,
27,1535326,1136231,
106,1535326,237561,
126,1535326,294747,
221,1535326,573826,
27,1136231,1136231,
126,294747,294747,
221,573826,573826,
106,237561,237561,
159,379508,379508,
119,4958,284592,
238,4958,58627,Newbler
238,58627,58627,Newbler
119,284592,284592,
133,322104,322104,
247,619300,619300,Newbler
125,294746,294746,
329,984485,984485,Allpaths-LG
330,984486,984486,Allpaths-LG
331,984487,984487,Allpaths-LG
243,590646,590646,Newbler
184,1156497,460523,Newbler
190,1156497,4909,
299,1156497,763406,
310,1156497,871575,Newbler
184,461281,460523,Newbler
310,461281,871575,Newbler
184,460523,460523,Newbler
310,871575,871575,Newbler
190,4919,4909,
299,4919,763406,
190,4909,4909,
299,763406,763406,
2,115784,1041607,
248,115784,644223,
276,115784,683960,Newbler
328,115784,983966,Allpaths-LG
2,599737,1041607,
276,599737,683960,Newbler
2,1041607,1041607,
276,683960,683960,Newbler
248,644223,644223,
328,983966,983966,Allpaths-LG
129,27319,306902,
192,27319,498019,Newbler
193,27319,498019,SSPACE-STANDARD
309,27319,869754,Newbler
129,36910,306902,
192,36910,498019,Newbler
193,36910,498019,SSPACE-STANDARD
192,498019,498019,Newbler
193,498019,498019,SSPACE-STANDARD
129,306902,306902,
309,869754,869754,Newbler
304,796027,796027,
65,1344418,1344418,Allpaths-LG
118,284591,284591,
6,451866,1069680,ALLPATHS
75,451866,1408657,Abyss
76,451866,1408657,Spades
77,451866,1408658,
122,451866,284812,
162,451866,402676,Arachne
187,451866,483514,Arachne
257,451866,653667,Newbler
282,451866,698492,Newbler
6,4753,1069680,ALLPATHS
75,4753,1408657,Abyss
76,4753,1408657,Spades
77,4753,1408658,
6,1069680,1069680,ALLPATHS
75,1408657,1408657,Abyss
76,1408657,1408657,Spades
77,1408658,1408658,
282,698492,698492,Newbler
122,4895,284812,
162,4895,402676,Arachne
187,4895,483514,Arachne
257,4895,653667,Newbler
122,284812,284812,
187,483514,483514,Arachne
162,402676,402676,Arachne
257,653667,653667,Newbler
1,5204,1037660,Allpaths-LG
25,5204,1130832,SOAPdenovo
37,5204,1186058,GS
41,5204,1230383,
49,5204,1277687,Newbler
55,5204,1295528,allpaths
56,5204,1295533,allpaths
57,5204,1296096,allpaths
58,5204,1296100,allpaths
59,5204,1296121,allpaths
60,5204,1296122,allpaths
62,5204,1299270,SOAPdenovo
63,5204,1305764,
68,5204,1365824,SSPACE
69,5204,1365824,Velvet
72,5204,1381753,Newbler
99,5204,214684,
104,5204,235443,
107,5204,237631,Arachne
108,5204,240176,
116,5204,283643,
156,5204,367775,
167,5204,418459,
171,5204,425265,
189,5204,486041,
214,5204,561896,
223,5204,578456,Arachne
224,5204,578457,Arachne
225,5204,578458,Arachne
226,5204,578459,Arachne
245,5204,597362,Newbler
246,5204,599839,
256,5204,650164,Newbler
271,5204,670483,Newbler
272,5204,671144,Newbler
280,5204,694068,Newbler
284,5204,717944,Newbler
285,5204,717982,Newbler
287,5204,721885,
288,5204,732165,Newbler
289,5204,741275,Newbler
290,5204,741705,Newbler
292,5204,747525,Arachne
293,5204,747676,JAZZ
301,5204,764103,Alpaths-LG
302,5204,77020,
305,5204,84753,allpaths-lg
312,5204,879819,Allpaths-LG
322,5204,936046,
37,5302,1186058,GS
55,5302,1295528,allpaths
56,5302,1295533,allpaths
57,5302,1296096,allpaths
58,5302,1296100,allpaths
59,5302,1296121,allpaths
60,5302,1296122,allpaths
62,5302,1299270,SOAPdenovo
72,5302,1381753,Newbler
99,5302,214684,
104,5302,235443,
108,5302,240176,
116,5302,283643,
156,5302,367775,
189,5302,486041,
214,5302,561896,
223,5302,578456,Arachne
224,5302,578457,Arachne
225,5302,578458,Arachne
245,5302,597362,Newbler
246,5302,599839,
256,5302,650164,Newbler
271,5302,670483,Newbler
272,5302,671144,Newbler
280,5302,694068,Newbler
284,5302,717944,Newbler
285,5302,717982,Newbler
287,5302,721885,
288,5302,732165,Newbler
289,5302,741275,Newbler
290,5302,741705,Newbler
292,5302,747525,Arachne
312,5302,879819,Allpaths-LG
322,5302,936046,
72,155619,1381753,Newbler
108,155619,240176,
189,155619,486041,
214,155619,561896,
224,155619,578457,Arachne
225,155619,578458,Arachne
245,155619,597362,Newbler
246,155619,599839,
256,155619,650164,Newbler
271,155619,670483,Newbler
280,155619,694068,Newbler
284,155619,717944,Newbler
285,155619,717982,Newbler
287,155619,721885,
288,155619,732165,Newbler
289,155619,741275,Newbler
290,155619,741705,Newbler
292,155619,747525,Arachne
322,155619,936046,
214,355688,561896,
246,355688,599839,
256,355688,650164,Newbler
271,355688,670483,Newbler
280,355688,694068,Newbler
284,355688,717944,Newbler
285,355688,717982,Newbler
287,355688,721885,
288,355688,732165,Newbler
289,355688,741275,Newbler
292,355688,747525,Arachne
214,5303,561896,
246,5303,599839,
256,5303,650164,Newbler
284,5303,717944,Newbler
288,5303,732165,Newbler
246,5317,599839,
288,5317,732165,Newbler
246,599839,599839,
288,732165,732165,Newbler
214,83233,561896,
284,83233,717944,Newbler
214,561896,561896,
284,717944,717944,Newbler
256,650164,650164,Newbler
287,452342,721885,
292,452342,747525,Arachne
287,721885,721885,
292,747525,747525,Arachne
285,717982,717982,Newbler
271,670483,670483,Newbler
280,694068,694068,Newbler
289,741275,741275,Newbler
72,452333,1381753,Newbler
108,452333,240176,
189,452333,486041,
224,452333,578457,Arachne
225,452333,578458,Arachne
245,452333,597362,Newbler
290,452333,741705,Newbler
322,452333,936046,
72,5338,1381753,Newbler
108,5338,240176,
189,5338,486041,
225,5338,578458,Arachne
245,5338,597362,Newbler
322,5338,936046,
245,5341,597362,Newbler
322,5341,936046,
245,597362,597362,Newbler
322,936046,936046,
189,486041,486041,
108,240176,240176,
225,578458,578458,Arachne
72,1381753,1381753,Newbler
224,227334,578457,Arachne
290,227334,741705,Newbler
290,741705,741705,Newbler
224,578457,578457,Arachne
37,155616,1186058,GS
55,155616,1295528,allpaths
56,155616,1295533,allpaths
57,155616,1296096,allpaths
58,155616,1296100,allpaths
59,155616,1296121,allpaths
60,155616,1296122,allpaths
99,155616,214684,
104,155616,235443,
116,155616,283643,
156,155616,367775,
223,155616,578456,Arachne
312,155616,879819,Allpaths-LG
55,5234,1295528,allpaths
56,5234,1295533,allpaths
57,5234,1296096,allpaths
58,5234,1296100,allpaths
59,5234,1296121,allpaths
60,5234,1296122,allpaths
99,5234,214684,
104,5234,235443,
116,5234,283643,
156,5234,367775,
223,5234,578456,Arachne
55,1884633,1295528,allpaths
56,1884633,1295533,allpaths
57,1884633,1296096,allpaths
58,1884633,1296100,allpaths
59,1884633,1296121,allpaths
60,1884633,1296122,allpaths
99,1884633,214684,
104,1884633,235443,
116,1884633,283643,
156,1884633,367775,
56,5206,1295533,allpaths
99,5206,214684,
104,5206,235443,
116,5206,283643,
156,5206,367775,
99,5207,214684,
104,5207,235443,
116,5207,283643,
99,40410,214684,
116,40410,283643,
99,214684,214684,
116,283643,283643,
104,235443,235443,
56,1295533,1295533,allpaths
156,367775,367775,
57,490731,1296096,allpaths
58,490731,1296100,allpaths
59,490731,1296121,allpaths
60,490731,1296122,allpaths
57,1296096,1296096,allpaths
58,1296100,1296100,allpaths
59,1296121,1296121,allpaths
60,1296122,1296122,allpaths
55,1295528,1295528,allpaths
223,578456,578456,Arachne
37,1759442,1186058,GS
312,1759442,879819,Allpaths-LG
312,879819,879819,Allpaths-LG
37,1186058,1186058,GS
62,148959,1299270,SOAPdenovo
272,148959,671144,Newbler
62,1299270,1299270,SOAPdenovo
272,671144,671144,Newbler
1,452284,1037660,Allpaths-LG
41,452284,1230383,
49,452284,1277687,Newbler
63,452284,1305764,
68,452284,1365824,SSPACE
69,452284,1365824,Velvet
107,452284,237631,Arachne
171,452284,425265,
302,452284,77020,
305,452284,84753,allpaths-lg
49,5268,1277687,Newbler
63,5268,1305764,
68,5268,1365824,SSPACE
69,5268,1365824,Velvet
107,5268,237631,Arachne
305,5268,84753,allpaths-lg
305,84753,84753,allpaths-lg
107,237631,237631,Arachne
63,1305764,1305764,
49,1277687,1277687,Newbler
68,1365824,1365824,SSPACE
69,1365824,1365824,Velvet
41,55193,1230383,
171,55193,425265,
302,55193,77020,
302,77020,77020,
41,1230383,1230383,
171,425265,425265,
1,1037660,1037660,Allpaths-LG
25,29000,1130832,SOAPdenovo
167,29000,418459,
226,29000,578459,Arachne
293,29000,747676,JAZZ
301,29000,764103,Alpaths-LG
167,5258,418459,
293,5258,747676,JAZZ
293,747676,747676,JAZZ
167,418459,418459,
25,5533,1130832,SOAPdenovo
226,5533,578459,Arachne
226,578459,578459,Arachne
25,1130832,1130832,SOAPdenovo
301,764103,764103,Alpaths-LG
31,6029,1178016,
66,6029,1354746,Ray
87,6029,1485682,Geneious
88,6029,1485682,Ray
89,6029,1485682,Velvet
123,6029,284813,
186,6029,481877,
227,6029,578460,
311,6029,876142,
313,6029,881290,Newbler
315,6029,907965,
326,6029,948595,Newbler
334,6029,993615,Newbler
31,6032,1178016,
123,6032,284813,
186,6032,481877,
227,6032,578460,
311,6032,876142,
315,6032,907965,
334,6032,993615,Newbler
227,27974,578460,
334,27974,993615,Newbler
227,578460,578460,
334,993615,993615,Newbler
31,6033,1178016,
123,6033,284813,
311,6033,876142,
315,6033,907965,
311,876142,876142,
123,284813,284813,
315,907965,907965,
31,1178016,1178016,
186,481877,481877,
66,469895,1354746,Ray
87,469895,1485682,Geneious
88,469895,1485682,Ray
89,469895,1485682,Velvet
313,469895,881290,Newbler
87,1485682,1485682,Geneious
88,1485682,1485682,Ray
89,1485682,1485682,Velvet
313,881290,881290,Newbler
66,1354746,1354746,Ray
326,948595,948595,Newbler
251,451435,645134,
277,451435,684364,ARACHNE
251,645134,645134,
277,684364,684364,ARACHNE
300,763407,763407,JGI
93,5654,157538,Newbler
96,5654,185431,
147,5654,347515,
153,5654,353153,
168,5654,420245,
175,5654,435258,
216,5654,5661,
217,5654,5679,
275,5654,679716,
286,5654,71804,ALLPATHS-LG
317,5654,929439,
93,1286322,157538,Newbler
147,1286322,347515,
168,1286322,420245,
175,1286322,435258,
216,1286322,5661,
217,1286322,5679,
317,1286322,929439,
147,5658,347515,
168,5658,420245,
175,5658,435258,
216,5658,5661,
217,5658,5679,
317,5658,929439,
147,38568,347515,
175,38568,435258,
216,38568,5661,
317,38568,929439,
175,38574,435258,
216,38574,5661,
216,5661,5661,
175,435258,435258,
317,929439,929439,
147,347515,347515,
168,37616,420245,
217,37616,5679,
217,5679,5679,
168,420245,420245,
93,157538,157538,Newbler
96,5690,185431,
153,5690,353153,
275,5690,679716,
286,5690,71804,ALLPATHS-LG
96,5691,185431,
275,5691,679716,
96,185431,185431,
275,679716,679716,
286,71804,71804,ALLPATHS-LG
153,353153,353153,
185,461836,461836,Arachne
314,905079,905079,Arachne
115,280463,280463,Arachne
165,412133,412133,
291,744533,744533,
95,184922,184922,
